s,pdte
35000,-0.01
35009.8488578018,-0.011
35019.3356907823,-0.011
35029.1845485841,-0.011
35039.0334063859,-0.011
35049.8037360002,-0.011
35059.6525938019,-0.011
35069.5014516037,-0.011
35079.3503094055,-0.012
35088.837142386,-0.012
35099.6074720003,-0.013
35109.4563298021,-0.014
35119.3051876039,-0.016
35129.1540454057,-0.017
35139.0029032075,-0.019
35149.7732328218,-0.021
35159.2600658023,-0.023
35169.108923604,-0.025
35178.9577814058,-0.027
35189.7281110201,-0.028
35199.5769688219,-0.03
35209.4258266237,-0.031
35219.2746844255,-0.032
35229.1235422273,-0.034
35239.5638487362,-0.035
35249.0506817167,-0.037
35258.8995395185,-0.038
35269.3398460274,-0.039
35279.1887038292,-0.04
35289.037561631,-0.04
35298.8864194328,-0.041
35309.6567490471,-0.041
35319.1435820276,-0.041
35328.9924398294,-0.041
35338.8412976312,-0.04
35349.2816041401,-0.04
35359.1304619419,-0.04
35368.6172949224,-0.04
35379.3876245366,-0.04
35389.2364823384,-0.04
35398.7233153189,-0.041
35409.1636218278,-0.041
35418.6504548083,-0.041
35429.4207844226,-0.041
35438.9076174031,-0.041
35449.347923912,-0.041
35458.5674683693,-0.041
35469.0077748782,-0.041
35479.2058139054,-0.04
35489.4038529326,-0.04
35498.4592380708,-0.04
35508.6572770979,-0.04
35518.7071527191,-0.041
35528.9051917462,-0.041
35538.9550673674,-0.042
35548.9550673674,-0.042
35559.0049429885,-0.043
35569.0049429885,-0.043
35579.0049429885,-0.043
35589.0049429885,-0.043
35599.0049429885,-0.043
35609.0049429885,-0.043
35619.0548186096,-0.043
35629.1046942307,-0.042
35639.1545698519,-0.042
35649.3526088791,-0.041
35658.4079940172,-0.04
35668.6060330444,-0.038
35678.8040720716,-0.037
35689.0021110987,-0.035
35698.221655556,-0.033
35708.4196945832,-0.03
35718.6177336104,-0.028
35729.0580401193,-0.026
35738.2775845766,-0.025
35748.4756236038,-0.023
35758.9159301127,-0.022
35768.13547457,-0.021
35778.5757810789,-0.02
35788.7738201061,-0.019
35798.2606530866,-0.018
35808.7009595955,-0.017
35818.187792576,-0.016
35828.6280990849,-0.016
35838.1149320655,-0.015
35848.5552385744,-0.015
35858.0420715549,-0.015
35868.8124011691,-0.015
35878.6612589709,-0.016
35888.1480919514,-0.016
35898.3461309786,-0.017
35908.5441700058,-0.018
35918.0310029863,-0.02
35928.2290420135,-0.021
35938.6693485224,-0.023
35948.1561815029,-0.025
35958.5964880118,-0.027
35968.4453458136,-0.028
35977.9321787941,-0.03
35988.7025084084,-0.031
35998.1893413889,-0.032
36008.6296478978,-0.033
36018.1164808783,-0.033
36028.5567873872,-0.034
36038.0436203677,-0.034
36048.4839268766,-0.034
36057.9707598571,-0.033
36068.4110663661,-0.033
36077.8978993466,-0.032
36088.3382058555,-0.031
36097.825038836,-0.03
36108.2653453449,-0.028
36117.7521783254,-0.027
36128.1924848343,-0.026
36137.6793178148,-0.025
36148.1196243237,-0.024
36157.6064573042,-0.022
36168.0467638131,-0.021
36177.5335967936,-0.019
36187.9739033026,-0.017
36197.4607362831,-0.016
36207.901042792,-0.014
36218.3413493009,-0.013
36227.5608937582,-0.012
36237.7589327854,-0.011
36247.9569718126,-0.01
36258.0068474337,-0.01
36268.2048864609,-0.009
36277.260271599,-0.009
36287.4583106262,-0.009
36297.5081862473,-0.009
36307.5580618684,-0.009
36317.6079374896,-0.009
36327.6079374896,-0.009
36337.6578131107,-0.01
36347.6578131107,-0.01
36357.7076887318,-0.01
36367.7076887318,-0.01
36377.7575643529,-0.01
36387.8074399741,-0.01
36397.8573155952,-0.01
36407.9071912163,-0.01
36418.1052302435,-0.011
36427.1606153816,-0.011
36437.3586544088,-0.012
36447.556693436,-0.013
36457.7547324632,-0.014
36467.2415654437,-0.015
36477.6818719526,-0.017
36487.1687049331,-0.018
36497.609011442,-0.02
36507.4578692438,-0.022
36517.3067270456,-0.023
36527.6023571866,-0.025
36537.4512149884,-0.026
36547.3000727902,-0.027
36557.148930592,-0.029
36567.444560733,-0.03
36577.7401908739,-0.032
36587.5890486757,-0.034
36597.0230298078,-0.036
36607.3186599488,-0.037
36617.3186599488,-0.039
36626.7526410808,-0.041
36637.5692949072,-0.043
36647.0032760393,-0.045
36657.0032760393,-0.047
36667.2989061803,-0.048
36677.2989061803,-0.05
36687.2989061803,-0.051
36697.2989061803,-0.052
36707.2989061803,-0.053
36717.1984011169,-0.053
36727.1984011169,-0.054
36737.1984011169,-0.054
36747.1984011169,-0.055
36757.1984011169,-0.055
36767.1984011169,-0.055
36777.0978960535,-0.054
36787.0978960535,-0.054
36797.0978960535,-0.053
36807.7280418662,-0.052
36816.9475863235,-0.05
36826.9475863235,-0.049
36836.9475863235,-0.047
36846.9475863235,-0.045
36856.9475863235,-0.043
36866.9475863235,-0.041
36876.9475863235,-0.039
36886.9475863235,-0.037
36896.9475863235,-0.035
36906.9475863235,-0.033
36916.9475863235,-0.032
36926.9475863235,-0.03
36936.3815674556,-0.029
36947.198221282,-0.027
36956.632202414,-0.026
36966.927832555,-0.024
36977.223462696,-0.022
36987.0723204978,-0.018
36997.3679506388,-0.016
37007.2168084406,-0.014
37017.0656662423,-0.012
37026.9145240441,-0.011
37036.4013570246,-0.009
37047.1716866389,-0.008
37056.6585196194,-0.007
37066.5073774212,-0.005
37076.9476839301,-0.004
37086.4345169106,-0.002
37096.8748234195,-0.001
37106.7236812213,0
37117.1639877303,0.001
37126.6508207108,0.002
37136.1376536913,0.003
37146.5779602002,0.003
37156.426818002,0.004
37166.8671245109,0.004
37176.3539574914,0.004
37186.7942640003,0.004
37196.2810969808,0.004
37207.0514265951,0.004
37216.5382595756,0.003
37226.9785660845,0.003
37236.465399065,0.002
37246.6634380922,0.001
37256.1502710727,0
37266.5905775816,-0.001
37276.7886166088,-0.002
37286.2754495893,-0.003
37296.4734886165,-0.005
37306.6715276436,-0.006
37316.8695666708,-0.007
37326.0891111281,-0.007
37336.2871501553,-0.008
37346.3370257764,-0.008
37356.5350648036,-0.008
37366.5849404247,-0.007
37376.7829794519,-0.007
37386.8328550731,-0.007
37396.8827306942,-0.007
37405.9381158323,-0.006
37415.9879914534,-0.006
37426.1860304806,-0.005
37436.2359061018,-0.004
37446.2857817229,-0.003
37456.335657344,-0.002
37466.3855329651,-0.001
37476.4354085862,-0.001
37486.4852842074,0
37496.5351598285,0
37506.7331988557,0
37515.7885839938,-0.001
37525.8384596149,-0.001
37535.8883352361,-0.002
37545.9382108572,-0.003
37555.9880864783,-0.003
37566.0379620994,-0.004
37576.0878377206,-0.004
37586.2858767478,-0.005
37596.3357523689,-0.005
37606.38562799,-0.006
37616.38562799,-0.006
37626.4355036111,-0.007
37636.4853792322,-0.007
37646.5352548534,-0.008
37656.5352548534,-0.008
37665.5906399915,-0.008
37675.5906399915,-0.008
37685.6405156126,-0.008
37695.6405156126,-0.008
37705.6903912338,-0.008
37715.7402668549,-0.008
37725.790142476,-0.008
37735.8400180971,-0.008
37746.0380571243,-0.008
37756.0879327454,-0.008
37766.2859717726,-0.009
37775.5055162299,-0.009
37785.9458227388,-0.009
37796.143861766,-0.009
37805.6306947465,-0.009
37815.8287337737,-0.008
37826.2690402826,-0.008
37835.7558732631,-0.007
37845.9539122903,-0.007
37855.4407452708,-0.006
37865.8810517797,-0.006
37876.3213582886,-0.006
37885.5409027459,-0.006
37895.9812092548,-0.006
37905.4680422353,-0.006
37915.9083487443,-0.006
37925.3951817248,-0.007
37935.5932207519,-0.007
37946.0335272609,-0.008
37955.5203602414,-0.008
37965.9606667503,-0.008
37976.1587057775,-0.007
37985.3782502348,-0.007
37995.8185567437,-0.007
38006.0165957709,-0.007
38015.2361402282,-0.007
38025.2860158493,-0.007
38035.4840548765,-0.008
38045.5339304976,-0.008
38055.5838061187,-0.009
38065.6336817398,-0.009
38075.6336817398,-0.009
38085.683557361,-0.008
38095.683557361,-0.008
38105.683557361,-0.008
38115.7334329821,-0.009
38125.7334329821,-0.009
38135.7833086032,-0.01
38145.8331842243,-0.01
38155.8830598455,-0.011
38165.1026043027,-0.011
38175.3006433299,-0.012
38185.4986823571,-0.013
38195.6967213843,-0.014
38205.8947604115,-0.015
38215.1143048688,-0.016
38225.312343896,-0.018
38235.7526504049,-0.019
38244.9721948622,-0.02
38255.4125013711,-0.021
38265.6105403983,-0.022
38275.0973733788,-0.023
38285.295412406,-0.023
38295.7357189149,-0.024
38304.9552633722,-0.024
38315.1533023994,-0.025
38325.3513414265,-0.026
38335.4012170477,-0.028
38345.5992560748,-0.029
38355.649131696,-0.031
38365.6990073171,-0.032
38375.7488829382,-0.033
38385.7488829382,-0.033
38395.7488829382,-0.034
38404.8042680764,-0.034
38414.8042680764,-0.034
38424.8541436975,-0.035
38434.8541436975,-0.035
38444.9040193186,-0.036
38454.9538949397,-0.036
38465.1519339669,-0.036
38475.201809588,-0.036
38485.3998486152,-0.037
38495.5978876424,-0.037
38504.8174320997,-0.037
38515.0154711269,-0.037
38525.4557776358,-0.037
38534.6753220931,-0.038
38545.115628602,-0.038
38554.6024615825,-0.039
38565.0427680914,-0.039
38574.5296010719,-0.039
38584.9699075808,-0.039
38594.4567405613,-0.039
38605.2270701756,-0.04
38614.7139031561,-0.04
38625.154209665,-0.041
38634.6410426455,-0.042
38645.0813491545,-0.043
38654.9302069562,-0.045
38664.779064758,-0.046
38675.219371267,-0.048
38685.0682290687,-0.05
38694.5550620492,-0.051
38704.9953685582,-0.053
38714.4822015387,-0.054
38724.9225080476,-0.055
38734.7713658494,-0.056
38745.2116723583,-0.056
38754.6985053388,-0.057
38765.1388118477,-0.057
38774.6256448282,-0.057
38785.0659513371,-0.056
38794.5527843176,-0.056
38804.7508233448,-0.055
38814.2376563253,-0.054
38824.6779628342,-0.052
38834.1647958147,-0.051
38844.6051023236,-0.049
38855.0454088326,-0.047
38864.5322418131,-0.044
38874.972548322,-0.042
38884.4593813025,-0.04
38894.6574203297,-0.038
38905.0977268386,-0.037
38914.3172712959,-0.035
38924.5153103231,-0.033
38934.7133493502,-0.031
38944.9113883774,-0.029
38954.9612639985,-0.027
38964.1808084558,-0.024
38974.230684077,-0.022
38984.2805596981,-0.02
38994.3304353192,-0.018
39004.3803109403,-0.016
39014.3803109403,-0.014
39024.4301865615,-0.013
39034.4301865615,-0.011
39044.4301865615,-0.009
39054.4301865615,-0.007
39064.4301865615,-0.005
39074.4800621826,-0.003
39084.4800621826,-0.001
39094.5299378037,0.001
39104.5798134248,0.003
39114.5798134248,0.006
39124.629689046,0.008
39134.6795646671,0.01
39144.7294402882,0.012
39153.9489847455,0.014
39163.9988603666,0.017
39174.1968993938,0.019
39184.394938421,0.021
39194.5929774482,0.023
39204.0798104287,0.025
39214.5201169376,0.027
39224.0069499181,0.029
39234.447256427,0.031
39243.9340894075,0.034
39254.7044190218,0.036
39264.1912520023,0.038
39274.0401098041,0.039
39283.5269427846,0.041
39294.2972723989,0.042
39304.1461302007,0.043
39313.9949880024,0.044
39324.2906181434,0.044
39334.1394759452,0.045
39344.4351060862,0.045
39353.8690872183,0.045
39364.1647173592,0.045
39374.013575161,0.044
39384.309205302,0.044
39393.7431864341,0.043
39403.5920442359,0.042
39413.8876743769,0.041
39423.7365321787,0.041
39434.0321623196,0.04
39444.3277924606,0.039
39454.1766502624,0.037
39464.0255080642,0.036
39474.3211382052,0.035
39484.169996007,0.034
39493.6568289875,0.033
39503.5056867893,0.032
39513.9459932982,0.031
39523.7948511,0.03
39533.9928901272,0.029
39543.4797231077,0.028
39553.9200296166,0.027
39564.1180686438,0.026
39573.3376131011,0.025
39583.5356521283,0.024
39593.7336911554,0.023
39603.7835667766,0.023
39613.8334423977,0.022
39623.8833180188,0.022
39633.9331936399,0.022
39643.9830692611,0.022
39653.9830692611,0.023
39663.9830692611,0.023
39673.9830692611,0.023
39683.9830692611,0.023
39694.0329448822,0.022
39704.0329448822,0.022
39713.0883300203,0.021
39723.1382056415,0.021
39733.3362446686,0.02
39743.5342836958,0.02
39753.732322723,0.02
39763.9303617502,0.02
39773.1499062075,0.02
39783.3479452347,0.02
39793.7882517436,0.019
39803.0077962009,0.019
39813.4481027098,0.019
39823.8884092187,0.019
39833.107953676,0.019
39843.5482601849,0.02
39853.0350931654,0.02
39863.4753996743,0.02
39872.9622326548,0.02
39883.160271682,0.02
39893.6005781909,0.019
39902.8201226482,0.019
39913.2604291571,0.018
39923.4584681843,0.018
39933.6565072115,0.018
39942.8760516688,0.018
39953.074090696,0.018
39963.2721297232,0.019
39973.4701687504,0.019
39983.5200443715,0.02
39992.7395888288,0.021
40002.7894644499,0.021
40012.9875034771,0.022
40023.0373790982,0.022
40033.0872547193,0.022
40043.2852937465,0.022
40053.3351693677,0.022
40063.3850449888,0.023
40073.583084016,0.023
40082.8026284733,0.023
40093.0006675004,0.023
40103.1987065276,0.023
40113.3967455548,0.022
40122.6162900121,0.022
40133.056596521,0.021
40143.4969030299,0.021
40152.9837360104,0.021
40162.4705689909,0.02
40173.2408986052,0.02
40182.7277315857,0.02
40192.5765893875,0.02
40202.4254471893,0.02
40212.2743049911,0.019
40222.5699351321,0.019
40232.4187929339,0.018
40242.7144230749,0.017
40253.0100532159,0.016
40263.3056833568,0.015
40272.2499552668,0.014
40282.5455854078,0.013
40292.8412155488,0.012
40302.2751966809,0.011
40312.5708268219,0.01
40322.8664569628,0.009
40332.7153147646,0.008
40343.0109449056,0.007
40352.8598027074,0.006
40362.2937838395,0.004
40372.1426416413,0.003
40381.991499443,0.001
40392.7618290573,0
40402.6106868591,-0.002
40412.4595446609,-0.003
40422.3084024627,-0.004
40432.1572602645,-0.005
40442.5975667734,-0.006
40452.4464245752,-0.008
40462.295282377,-0.009
40472.7355888859,-0.011
40482.5844466877,-0.012
40492.0712796682,-0.013
40502.8416092825,-0.014
40512.6904670843,-0.015
40522.1773000648,-0.016
40532.947629679,-0.016
40542.4344626595,-0.017
40552.2833204613,-0.017
40562.7236269703,-0.017
40572.572484772,-0.016
40582.0593177525,-0.016
40592.8296473668,-0.015
40602.3164803473,-0.014
40612.1653381491,-0.013
40622.605644658,-0.012
40632.0924776385,-0.011
40642.5327841474,-0.01
40652.019617128,-0.009
40662.4599236369,-0.008
40671.9467566174,-0.007
40682.3870631263,-0.006
40692.5851021535,-0.005
40702.071935134,-0.004
40712.2699741612,-0.003
40722.4680131883,-0.001
40732.6660522155,0
40741.8855966728,0.001
40751.9354722939,0.002
40762.1335113211,0.003
40772.1833869423,0.004
40782.2332625634,0.005
40792.4313015906,0.005
40802.4811772117,0.006
40812.5310528328,0.006
40822.5809284539,0.006
40831.6363135921,0.005
40841.6861892132,0.005
40851.7360648343,0.004
40861.7859404554,0.003
40871.8358160766,0.003
40881.8856916977,0.002
40892.0837307249,0.002
40902.133606346,0.002
40912.1834819671,0.002
40922.2333575882,0.003
40932.2832332094,0.003
40942.3331088305,0.004
40952.3829844516,0.004
40961.4383695898,0.005
40971.4882452109,0.006
40981.538120832,0.008
40991.5879964531,0.009
41001.6378720743,0.011
41011.6877476954,0.013
41021.7376233165,0.015
41031.9356623437,0.016
41041.9855379648,0.018
41052.0354135859,0.019
41062.0852892071,0.021
41072.1351648282,0.023
41081.1905499663,0.025
41091.2404255874,0.026
41101.2903012086,0.028
41111.3401768297,0.029
41121.3900524508,0.03
41131.4399280719,0.03
41141.4898036931,0.031
41151.5396793142,0.031
41161.7377183414,0.031
41171.7875939625,0.031
41181.9856329897,0.03
41191.0410181278,0.03
41201.239057155,0.029
41211.4370961822,0.028
41221.8774026911,0.027
41231.0969471484,0.025
41241.5372536573,0.024
41251.7352926845,0.022
41261.5841504863,0.02
41271.0709834668,0.018
41281.5112899757,0.016
41291.3601477775,0.014
41301.2090055793,0.012
41311.9793351936,0.01
41321.8281929954,0.008
41331.6770507972,0.006
41341.9726809381,0.003
41350.9169528481,0.001
41361.2125829891,-0.001
41371.5082131301,-0.003
41380.9421942622,-0.005
41391.2378244032,-0.006
41400.6718055352,-0.008
41410.9674356762,-0.009
41421.7840895026,-0.01
41431.2180706346,-0.011
41441.5137007756,-0.013
41450.9476819077,-0.014
41461.2433120487,-0.016
41470.6772931807,-0.018
41480.9729233217,-0.02
41490.9729233217,-0.021
41501.2685534627,-0.023
41511.5641836037,-0.024
41520.9981647357,-0.026
41531.2937948767,-0.027
41540.7277760088,-0.028
41551.0234061498,-0.029
41561.0234061498,-0.03
41571.3190362907,-0.03
41580.7530174228,-0.031
41591.0486475638,-0.031
41600.8975053656,-0.032
41611.1931355066,-0.032
41621.0419933084,-0.032
41631.3376234493,-0.032
41641.1864812511,-0.031
41651.0353390529,-0.031
41660.5221720334,-0.03
41671.2925016477,-0.029
41680.7793346282,-0.028
41691.2196411371,-0.027
41700.7064741176,-0.025
41710.9045131448,-0.024
41721.3448196537,-0.022
41730.564364111,-0.02
41740.7624031382,-0.018
41750.9604421654,-0.015
41761.1584811926,-0.013
41771.2083568137,-0.01
41781.2582324348,-0.007
41790.313617573,-0.004
41800.3634931941,-0.002
41810.3634931941,0.001
41820.3634931941,0.003
41830.3634931941,0.005
41840.4133688152,0.007
41850.4632444363,0.008
41860.4632444363,0.01
41870.5131200575,0.011
41880.5629956786,0.012
41890.6128712997,0.012
41900.6627469208,0.013
41910.860785948,0.013
41920.9106615691,0.013
41930.1302060264,0.012
41940.5705125353,0.012
41950.7685515625,0.011
41960.255384543,0.011
41970.4534235702,0.011
41980.8937300791,0.011
41990.7425878809,0.011
42000.2294208614,0.01
42010.9997504757,0.01
42020.4865834562,0.01
42030.335441258,0.01
42040.1842990598,0.01
42050.0331568616,0.01
42060.8034864759,0.009
42070.6523442776,0.009
42080.9479744186,0.008
42090.7968322204,0.007
42100.6456900222,0.006
42110.494547824,0.005
42120.3434056258,0.004
42130.1922634276,0.003
42140.6325699365,0.002
42150.4814277383,0.001
42159.9682607188,-0.001
42170.4085672277,-0.002
42179.8954002082,-0.003
42190.3357067171,-0.004
42200.7760132261,-0.004
42209.9955576833,-0.005
42220.1935967105,-0.005
42230.3916357377,-0.005
42240.5896747649,-0.005
42250.639550386,-0.004
42260.8375894132,-0.004
42269.8929745514,-0.003
42279.9428501725,-0.002
42289.9927257936,0
42299.9927257936,0.001
42310.0426014147,0.002
42320.0426014147,0.003
42330.0426014147,0.004
42340.0426014147,0.005
42350.0924770358,0.006
42360.142352657,0.007
42370.142352657,0.008
42380.1922282781,0.009
42390.3902673053,0.011
42400.4401429264,0.012
42410.4900185475,0.013
42420.6880575747,0.014
42429.7434427129,0.014
42439.94148174,0.015
42450.1395207672,0.015
42460.3375597944,0.015
42470.5355988216,0.015
42479.7551432789,0.014
42489.9531823061,0.014
42500.0030579272,0.013
42510.2010969544,0.012
42520.3991359816,0.01
42529.6186804389,0.009
42539.66855606,0.008
42549.8665950872,0.007
42560.0646341144,0.005
42570.1145097355,0.004
42580.3125487627,0.002
42590.3624243838,0.001
42599.5819688411,-0.001
42609.6318444622,-0.002
42619.8298834894,-0.003
42629.8797591105,-0.004
42639.9296347316,-0.005
42649.9795103528,-0.006
42660.17754938,-0.006
42670.2274250011,-0.007
42680.2773006222,-0.007
42690.3271762433,-0.007
42699.3825613815,-0.006
42709.4324370026,-0.006
42719.4823126237,-0.005
42729.5321882448,-0.004
42739.582063866,-0.003
42749.582063866,-0.001
42759.6319394871,0
42769.6818151082,0.002
42779.7316907293,0.004
42789.7815663505,0.005
42799.8314419716,0.007
42809.8813175927,0.008
42819.9311932138,0.009
42829.9311932138,0.01
42839.9810688349,0.011
42850.0309444561,0.011
42860.0808200772,0.012
42869.1362052153,0.012
42879.1860808365,0.012
42889.2359564576,0.012
42899.2359564576,0.011
42909.2858320787,0.011
42919.3357076998,0.01
42929.385583321,0.01
42939.4354589421,0.01
42949.4853345632,0.011
42959.5352101843,0.011
42969.5352101843,0.012
42979.5850858054,0.012
42989.6349614266,0.012
42999.6848370477,0.012
43009.7347126688,0.013
43019.7845882899,0.013
43029.8344639111,0.013
43038.8898490492,0.013
43048.8898490492,0.013
43058.9397246703,0.013
43068.9896002915,0.013
43079.0394759126,0.013
43089.0893515337,0.013
43099.1392271548,0.013
43109.1891027759,0.013
43119.189102776,0.013
43129.2389783971,0.013
43139.2888540182,0.012
43149.3387296393,0.012
43159.3886052604,0.012
43169.3886052604,0.012
43179.4384808816,0.011
43189.4883565027,0.011
43199.4883565027,0.011
43209.5382321238,0.011
43219.5382321238,0.011
43229.5382321238,0.011
43239.5881077449,0.011
43249.5881077449,0.011
43258.5881077449,0.011
43268.5881077449,0.011
43278.5881077449,0.011
43288.5881077449,0.011
43298.5881077449,0.011
43308.5881077449,0.01
43318.5881077449,0.01
43328.5881077449,0.009
43338.5881077449,0.008
43348.6379833661,0.008
43358.6379833661,0.007
43368.6379833661,0.007
43378.6878589872,0.006
43388.6878589872,0.006
43398.7377346083,0.005
43408.7377346083,0.004
43418.7876102294,0.004
43428.8374858506,0.003
43438.8374858506,0.003
43448.8873614717,0.003
43458.9372370928,0.003
43468.9871127139,0.003
43479.0369883351,0.003
43489.0868639562,0.003
43499.1367395773,0.003
43508.3562840346,0.002
43518.5543230618,0.002
43528.6041986829,0.002
43538.8022377101,0.003
43549.0002767373,0.003
43559.1983157645,0.003
43568.4178602217,0.003
43578.8581667307,0.004
43589.0562057578,0.004
43598.5430387384,0.004
43608.7410777655,0.003
43618.227910746,0.003
43628.668217255,0.003
43638.1550502355,0.004
43648.5953567444,0.004
43658.0821897249,0.004
43668.8525193391,0.004
43678.3393523197,0.004
43688.7796588286,0.003
43697.9992032859,0.003
43708.4395097948,0.002
43718.8798163037,0.002
43728.099360761,0.001
43738.2973997882,0.001
43748.4954388154,0.001
43758.6934778425,0.002
43768.8915168697,0.002
43777.9469020079,0.003
43787.996777629,0.003
43798.0466532501,0.003
43808.0965288712,0.003
43818.1464044924,0.003
43828.1962801135,0.003
43838.2461557346,0.003
43848.2960313557,0.003
43858.2960313557,0.002
43868.3459069769,0.002
43878.395782598,0.002
43888.4456582191,0.002
43898.4955338402,0.003
43908.6935728674,0.003
43917.7489580055,0.004
43927.9469970327,0.005
43938.1450360599,0.006
43948.3430750871,0.007
43957.5626195444,0.009
43968.0029260533,0.01
43978.4432325622,0.012
43987.9300655427,0.014
43998.3703720516,0.016
44008.2192298534,0.018
44017.7060628339,0.02
44027.5549206357,0.023
44038.32525025,0.025
44048.1741080518,0.028
44057.6080891838,0.03
44067.9037193248,0.032
44078.1993494658,0.033
44088.0482072676,0.035
44097.4821883997,0.036
44107.7778185407,0.037
44117.7778185407,0.038
44128.0734486816,0.039
44138.3690788226,0.04
44147.8030599547,0.041
44158.0986900957,0.041
44168.0986900957,0.042
44178.3943202367,0.042
44187.8283013687,0.043
44198.1239315097,0.043
44207.5579126418,0.043
44218.3745664681,0.043
44227.8085476002,0.043
44238.1041777412,0.042
44247.5381588732,0.042
44258.3548126996,0.041
44267.7887938317,0.041
44278.0844239727,0.041
44287.5184051047,0.041
44297.8140352457,0.041
44307.8140352457,0.041
44318.1096653867,0.042
44327.5436465187,0.042
44337.8392766597,0.043
44347.8392766597,0.044
44358.1349068007,0.045
44367.5688879328,0.045
44377.8645180738,0.046
44387.2984992058,0.046
44398.1151530322,0.046
44407.5491341643,0.046
44417.8447643052,0.046
44427.2787454373,0.046
44437.5743755783,0.046
44447.8700057193,0.046
44457.3039868513,0.045
44467.5996169923,0.045
44477.8952471333,0.045
44487.7441049351,0.045
44497.5929627369,0.045
44507.4418205387,0.046
44517.2906783405,0.046
44527.1395361423,0.046
44537.5798426512,0.046
44547.0666756317,0.045
44557.5069821406,0.045
44566.9938151211,0.044
44577.1918541483,0.043
44587.6321606572,0.041
44597.8301996844,0.04
44607.0497441417,0.038
44617.2477831689,0.036
44627.29765879,0.034
44637.3475344111,0.033
44647.3974100322,0.031
44657.4472856534,0.03
44667.4971612745,0.028
44677.5470368956,0.026
44687.5969125167,0.024
44697.6467881379,0.022
44706.6467881379,0.02
44716.696663759,0.018
44726.7465393801,0.016
44736.7964150012,0.014
44746.8462906223,0.012
44756.8462906223,0.01
44766.8961662435,0.009
44776.9460418646,0.007
44786.9959174857,0.006
44796.9959174857,0.005
44807.0457931068,0.004
44817.095668728,0.004
44827.1455443491,0.003
44837.1455443491,0.003
44847.1954199702,0.003
44857.2452955913,0.003
44867.2951712125,0.004
44877.3450468336,0.004
44887.3450468336,0.005
44897.3949224547,0.005
44906.4503075929,0.005
44916.500183214,0.004
44926.500183214,0.004
44936.5500588351,0.003
44946.5999344562,0.003
44956.6498100773,0.003
44966.6996856985,0.003
44976.7495613196,0.003
44986.7994369407,0.003
44996.9974759679,0.003
45007.1955149951,0.004
45016.4150594524,0.004
45026.6130984796,0.004
45036.8111375068,0.003
45046.2979704873,0.003
45056.7382769962,0.002
45066.9363160234,0.002
45076.7851738251,0.001
45086.2720068056,0
45097.0423364199,-0.001
45106.5291694004,-0.002
45116.3780272022,-0.003
45126.6736573432,-0.004
45136.522515145,-0.005
45146.818145286,-0.006
45156.6670030878,-0.007
45166.9626332288,-0.008
45176.3966143608,-0.01
45186.6922445018,-0.011
45196.1262256339,-0.012
45206.4218557748,-0.012
45216.7174859158,-0.013
45226.1514670479,-0.013
45236.4470971889,-0.013
45246.4470971889,-0.013
45256.7427273299,-0.013
45267.0383574708,-0.013
45276.4723386029,-0.013
45286.7679687439,-0.013
45296.2019498759,-0.013
45306.4975800169,-0.013
45316.4975800169,-0.013
45326.7932101579,-0.012
45336.22719129,-0.012
45346.522821431,-0.011
45356.8184515719,-0.01
45366.252432704,-0.009
45376.548062845,-0.008
45385.982043977,-0.007
45396.277674118,-0.006
45406.573304259,-0.005
45416.0072853911,-0.004
45426.302915532,-0.004
45436.598545673,-0.003
45446.4474034748,-0.003
45456.2962612766,-0.002
45466.5918914176,-0.002
45476.4407492194,-0.001
45485.9275821999,-0.001
45496.6979118142,-0.001
45506.1847447947,-0.001
45515.6715777752,-0.001
45526.1118842841,-0.001
45535.5987172646,-0.001
45546.0390237735,-0.001
45556.4793302824,-0.001
45565.6988747397,-0.001
45576.1391812486,-0.001
45586.3372202758,-0.001
45595.5567647331,-0.001
45605.997071242,-0.001
45616.1951102692,-0.001
45625.6819432497,-0.001
45635.8799822769,-0.001
45646.3202887858,0
45655.5398332431,0
45665.980139752,0.001
45676.4204462609,0.001
45685.9072792414,0.001
45696.3475857503,0.002
45705.8344187309,0.002
45715.6832765326,0.002
45726.1235830416,0.002
45735.9724408433,0.003
45745.8212986451,0.003
45755.6701564469,0.003
45766.4404860612,0.003
45776.289343863,0.003
45786.1382016648,0.003
45795.9870594666,0.002
45806.2826896076,0.002
45816.1315474094,0.001
45825.5655285414,0
45835.4143863432,-0.001
45845.7100164842,-0.001
45855.558874286,-0.002
45865.854504427,-0.002
45875.7033622288,-0.002
45885.5522200306,-0.001
45895.8478501716,-0.001
45905.6967079733,-0.001
45915.9923381143,-0.001
45925.8411959161,-0.001
45935.6900537179,-0.001
45945.9856838589,-0.001
45955.8345416607,-0.001
45965.6833994625,-0.001
45975.5322572643,0
45985.3811150661,0
45995.6767452071,0.001
46005.1635781876,0.001
46015.9339078018,0.002
46025.7827656036,0.003
46035.6316234054,0.004
46045.1184563859,0.005
46055.8887860002,0.006
46065.737643802,0.007
46075.5865016038,0.008
46085.0733345843,0.01
46095.8436641986,0.011
46105.6925220004,0.012
46115.1793549809,0.012
46125.0282127827,0.013
46135.7985423969,0.013
46145.6474001987,0.013
46155.4962580005,0.013
46165.3451158023,0.013
46175.1939736041,0.014
46185.0428314059,0.014
46195.4831379148,0.015
46205.3319957166,0.016
46215.1808535184,0.016
46225.6211600273,0.017
46235.4700178291,0.017
46245.3188756309,0.017
46254.8057086114,0.016
46265.5760382257,0.016
46275.4248960275,0.016
46285.2737538293,0.016
46295.122611631,0.016
46304.9714694328,0.016
46315.7417990471,0.016
46325.5906568489,0.016
46335.4395146507,0.016
46345.2883724525,0.016
46355.1372302543,0.016
46364.9860880561,0.016
46374.8349458579,0.016
46384.6838036597,0.016
46394.5326614615,0.016
46404.8282916024,0.015
46414.6771494042,0.015
46424.526007206,0.015
46434.821637347,0.015
46444.6704951488,0.015
46454.5193529506,0.015
46464.8149830916,0.015
46474.6638408934,0.015
46484.9594710344,0.014
46494.8083288362,0.014
46504.657186638,0.013
46514.9528167789,0.012
46524.8016745807,0.011
46534.6505323825,0.011
46544.9461625235,0.01
46554.7950203253,0.01
46565.0906504663,0.009
46574.9395082681,0.009
46584.7883660699,0.008
46595.0839962109,0.007
46604.9328540127,0.007
46615.2284841536,0.006
46625.0773419554,0.006
46634.9261997572,0.006
46645.2218298982,0.005
46655.0706877,0.005
46665.366317841,0.004
46675.2151756428,0.004
46685.0640334446,0.004
46694.4980145766,0.004
46704.3468723784,0.004
46714.6425025194,0.004
46724.4913603212,0.004
46734.7869904622,0.004
46745.0826206032,0.004
46754.5166017352,0.004
46764.8122318762,0.004
46774.2462130083,0.004
46784.5418431493,0.004
46794.5418431493,0.005
46804.8374732903,0.005
46814.8374732903,0.006
46824.8374732903,0.007
46834.8374732903,0.009
46844.8374732903,0.01
46854.8374732903,0.011
46864.8374732903,0.011
46874.0570177476,0.012
46884.6871635603,0.012
46894.6871635603,0.013
46904.5866584969,0.014
46914.4861534335,0.016
46924.3856483701,0.017
46935.0157941828,0.018
46944.9152891195,0.019
46954.8147840561,0.021
46964.7142789927,0.022
46974.6137739293,0.023
46983.8333183866,0.024
46994.4634641993,0.024
47004.3629591359,0.025
47014.3629591359,0.025
47024.2624540725,0.025
47034.2624540725,0.025
47044.1619490091,0.024
47054.7920948219,0.024
47064.0116392792,0.023
47073.9111342158,0.022
47084.5412800285,0.02
47094.4407749651,0.019
47104.3402699017,0.017
47114.3402699017,0.015
47124.2397648383,0.014
47134.139259775,0.012
47144.0387547116,0.01
47153.9382496482,0.008
47164.5683954609,0.006
47174.4678903975,0.004
47184.3673853341,0.003
47194.2668802707,0.001
47204.1663752073,-0.001
47214.065870144,-0.003
47223.9653650806,-0.005
47233.8648600172,-0.007
47243.7643549538,-0.009
47254.3945007665,-0.011
47264.2939957031,-0.013
47274.1934906397,-0.014
47284.0929855764,-0.016
47293.992480513,-0.017
47303.992480513,-0.018
47313.8919754496,-0.018
47323.7914703862,-0.019
47334.4216161989,-0.019
47344.3211111355,-0.02
47353.5406555928,-0.02
47364.1708014056,-0.021
47374.0702963422,-0.021
47384.0702963422,-0.021
47393.9697912788,-0.02
47403.9697912788,-0.02
47413.9697912788,-0.02
47423.9697912788,-0.02
47433.9697912788,-0.021
47444.5999370915,-0.021
47454.0339182236,-0.021
47464.0339182236,-0.021
47474.0339182236,-0.021
47483.4678993556,-0.021
47494.284553182,-0.021
47503.7185343141,-0.021
47514.014164455,-0.021
47523.4481455871,-0.02
47533.7437757281,-0.02
47544.0394058691,-0.019
47553.4733870011,-0.019
47563.3222448029,-0.019
47573.6178749439,-0.019
47583.4667327457,-0.019
47593.7623628867,-0.019
47603.6112206885,-0.02
47613.9068508295,-0.02
47623.7557086313,-0.021
47634.0513387722,-0.021
47643.900196574,-0.022
47653.7490543758,-0.023
47664.0446845168,-0.024
47672.9889564268,-0.026
47683.2845865678,-0.027
47693.1334443696,-0.029
47703.4290745106,-0.03
47713.2779323124,-0.032
47723.1267901142,-0.033
47733.4224202552,-0.034
47743.2712780569,-0.035
47753.1201358587,-0.036
47763.4157659997,-0.037
47773.2646238015,-0.038
47783.1134816033,-0.039
47793.4091117443,-0.039
47803.2579695461,-0.04
47813.1068273479,-0.04
47823.4024574889,-0.04
47833.2513152907,-0.041
47844.0216449049,-0.041
47853.5084778854,-0.041
47863.3573356872,-0.04
47873.206193489,-0.04
47883.6464999979,-0.039
47893.4953577997,-0.038
47902.9821907802,-0.037
47913.7525203945,-0.035
47923.239353375,-0.034
47933.6796598839,-0.032
47943.1664928644,-0.03
47953.3645318916,-0.027
47962.8513648721,-0.025
47973.291671381,-0.022
47983.4897104082,-0.019
47992.9765433887,-0.017
48003.1745824159,-0.014
48013.6148889248,-0.012
48022.8344333821,-0.01
48033.274739891,-0.008
48043.7150463999,-0.007
48052.9345908572,-0.005
48063.3748973661,-0.004
48073.5729363933,-0.002
48083.0597693738,-0.001
48093.257808401,0.001
48103.6981149099,0.002
48112.9176593672,0.004
48123.3579658761,0.005
48133.5560049033,0.006
48143.0428378838,0.006
48153.240876911,0.007
48163.6811834199,0.007
48172.9007278772,0.007
48183.3410343861,0.006
48192.8278673666,0.006
48202.6767251684,0.005
48212.5255829702,0.005
48222.8212131112,0.004
48233.1168432522,0.004
48242.5508243843,0.004
48253.180970197,0.005
48262.614951329,0.005
48272.5144462656,0.006
48282.5144462657,0.007
48292.7124852928,0.008
48302.7124852928,0.009
48312.1993182733,0.009
48322.4949484143,0.01
48332.5448240355,0.01
48342.5946996566,0.01
48352.5946996566,0.01
48362.5946996566,0.011
48372.6445752777,0.011
48381.864119735,0.011
48392.0621587622,0.011
48402.1120343833,0.011
48412.5523408922,0.01
48421.7718853495,0.01
48431.9699243767,0.01
48442.4102308856,0.01
48452.6082699128,0.01
48461.8278143701,0.01
48472.268120879,0.01
48482.4661599062,0.011
48491.9529928867,0.011
48502.1510319139,0.012
48512.3490709411,0.012
48521.8359039216,0.013
48532.0339429488,0.014
48542.2319819759,0.015
48552.6722884848,0.016
48561.8918329421,0.017
48572.3321394511,0.019
48582.5301784782,0.02
48592.0170114587,0.021
48602.2150504859,0.021
48612.6553569948,0.022
48621.8749014521,0.022
48632.3152079611,0.022
48642.5132469882,0.022
48652.0000799687,0.022
48662.1981189959,0.023
48671.6849519764,0.023
48681.8829910036,0.023
48692.3232975125,0.022
48701.5428419698,0.022
48711.9831484787,0.021
48722.4234549876,0.02
48731.9102879681,0.018
48742.3505944771,0.017
48751.5701389344,0.016
48762.0104454433,0.015
48771.4972784238,0.014
48781.9375849327,0.014
48791.3715660647,0.013
48802.0017118775,0.013
48812.0017118775,0.013
48821.8505696793,0.014
48831.3374026598,0.014
48841.7777091687,0.015
48851.2116903007,0.016
48861.2116903007,0.018
48871.6519968096,0.019
48881.7018724308,0.021
48891.5507302326,0.023
48901.5507302326,0.024
48911.8463603736,0.026
48921.3331933541,0.027
48931.3830689752,0.028
48941.4329445963,0.029
48951.4828202174,0.029
48961.6808592446,0.03
48970.9004037019,0.03
48981.0984427291,0.03
