s,z
35000,998
35009.8488578018,997.8916625642
35019.3356907823,997.7873074014
35029.1845485841,997.6789699656
35039.0334063859,997.5706325298
35049.8037360002,997.452158904
35059.6525938019,997.3438214682
35069.5014516037,997.2354840324
35079.3503094055,997.1172977387
35088.837142386,997.003455743
35099.6074720003,996.863441458
35109.4563298021,996.7255574488
35119.3051876039,996.5679757239
35129.1540454057,996.4005451413
35139.0029032075,996.2134168431
35149.7732328218,995.9872399212
35159.2600658023,995.7690427626
35169.108923604,995.5228213176
35178.9577814058,995.2569021569
35189.7281110201,994.9553329277
35199.5769688219,994.6598671937
35209.4258266237,994.3545526018
35219.2746844255,994.0393891522
35229.1235422273,993.7045279869
35239.5638487362,993.3391172591
35249.0506817167,992.9881044388
35258.8995395185,992.6138478423
35269.3398460274,992.2066758885
35279.1887038292,991.8127215764
35289.037561631,991.4187672643
35298.8864194328,991.0149640945
35309.6567490471,990.5733805803
35319.1435820276,990.1844204281
35328.9924398294,989.7806172582
35338.8412976312,989.3866629461
35349.2816041401,988.9690506858
35359.1304619419,988.5750963737
35368.6172949224,988.1956230545
35379.3876245366,987.7648098699
35389.2364823384,987.3708555578
35398.7233153189,986.9818954056
35409.1636218278,986.5538428388
35418.6504548083,986.1648826866
35429.4207844226,985.7232991724
35438.9076174031,985.3343390202
35449.347923912,984.9062864533
35458.5674683693,984.5282851306
35469.0077748782,984.1002325637
35479.2058139054,983.6923110026
35489.4038529326,983.2843894415
35498.4592380708,982.922174036
35508.6572770979,982.5142524749
35518.7071527191,982.1022075745
35528.9051917462,981.6840879743
35538.9550673674,981.2619931983
35548.9550673674,980.8419931983
35559.0049429885,980.4098485466
35569.0049429885,979.9798485466
35579.0049429885,979.5498485466
35589.0049429885,979.1198485466
35599.0049429885,978.6898485466
35609.0049429885,978.2598485466
35619.0548186096,977.8277038948
35629.1046942307,977.4056091188
35639.1545698519,976.9835143427
35649.3526088791,976.5653947426
35658.4079940172,976.203179337
35668.6060330444,975.815653854
35678.8040720716,975.43832641
35689.0021110987,975.081395044
35698.221655556,974.777150077
35708.4196945832,974.4712089061
35718.6177336104,974.1856638134
35729.0580401193,973.9142158441
35738.2775845766,973.6837272327
35748.4756236038,973.4491723351
35758.9159301127,973.2194855919
35768.13547457,973.0258751583
35778.5757810789,972.8170690281
35788.7738201061,972.6233062866
35798.2606530866,972.4525432929
35808.7009595955,972.2750580823
35818.187792576,972.1232687546
35828.6280990849,971.9562238505
35838.1149320655,971.8139213558
35848.5552385744,971.6573167581
35858.0420715549,971.5150142634
35868.8124011691,971.3534593192
35878.6612589709,971.1958775944
35888.1480919514,971.0440882667
35898.3461309786,970.8707216032
35908.5441700058,970.6871569007
35918.0310029863,970.4974202411
35928.2290420135,970.2832614215
35938.6693485224,970.0431343718
35948.1561815029,969.8059635473
35958.5964880118,969.5240752716
35968.4453458136,969.2483072531
35977.9321787941,968.9637022637
35988.7025084084,968.6298220457
35998.1893413889,968.3262433903
36008.6296478978,967.9817132755
36018.1164808783,967.6686477872
36028.5567873872,967.3136773659
36038.0436203677,966.9911250445
36048.4839268766,966.6361546232
36057.9707598571,966.3230891349
36068.4110663661,965.9785590201
36077.8978993466,965.6749803647
36088.3382058555,965.3513308629
36097.825038836,965.0667258735
36108.2653453449,964.7743972912
36117.7521783254,964.5182528008
36128.1924848343,964.2468048315
36137.6793178148,964.009634007
36148.1196243237,963.7590666508
36157.6064573042,963.5503563252
36168.0467638131,963.3311098886
36177.5335967936,963.1508600619
36187.9739033026,962.9733748513
36197.4607362831,962.8215855236
36207.901042792,962.6754212325
36218.3413493009,962.5396972478
36227.5608937582,962.4290627144
36237.7589327854,962.3168842851
36247.9569718126,962.2149038948
36258.0068474337,962.1144051386
36268.2048864609,962.0226227873
36277.260271599,961.9411243211
36287.4583106262,961.8493419698
36297.5081862473,961.7588930893
36307.5580618684,961.6684442087
36317.6079374896,961.5779953281
36327.6079374896,961.4879953281
36337.6578131107,961.3874965719
36347.6578131107,961.2874965719
36357.7076887318,961.1869978156
36367.7076887318,961.0869978156
36377.7575643529,960.9864990594
36387.8074399741,960.8860003032
36397.8573155952,960.785501547
36407.9071912163,960.6850027908
36418.1052302435,960.5728243615
36427.1606153816,960.473215125
36437.3586544088,960.3508386567
36447.556693436,960.2182641493
36457.7547324632,960.0754916029
36467.2415654437,959.9331891082
36477.6818719526,959.7557038976
36487.1687049331,959.5849409039
36497.609011442,959.3761347737
36507.4578692438,959.1594599021
36517.3067270456,958.9329361727
36527.6023571866,958.6755454191
36537.4512149884,958.4194751163
36547.3000727902,958.1535559556
36557.148930592,957.8679390794
36567.444560733,957.5590701752
36577.7401908739,957.2296100106
36587.5890486757,956.8947488454
36597.0230298078,956.5551255246
36607.3186599488,956.1741872094
36617.3186599488,955.7841872094
36626.7526410808,955.397393983
36637.5692949072,954.9322778685
36647.0032760393,954.5077487175
36657.0032760393,954.0377487175
36667.2989061803,953.5435584708
36677.2989061803,953.0435584708
36687.2989061803,952.5335584708
36697.2989061803,952.0135584708
36707.2989061803,951.4835584708
36717.1984011169,950.9588852391
36727.1984011169,950.4188852391
36737.1984011169,949.8788852391
36747.1984011169,949.3288852391
36757.1984011169,948.7788852391
36767.1984011169,948.2288852391
36777.0978960535,947.6943125125
36787.0978960535,947.1543125125
36797.0978960535,946.6243125125
36807.7280418662,946.0715449303
36816.9475863235,945.6105677074
36826.9475863235,945.1205677074
36836.9475863235,944.6505677074
36846.9475863235,944.2005677074
36856.9475863235,943.7705677074
36866.9475863235,943.3605677074
36876.9475863235,942.9705677074
36886.9475863235,942.6005677074
36896.9475863235,942.2505677074
36906.9475863235,941.9205677074
36916.9475863235,941.6005677074
36926.9475863235,941.3005677074
36936.3815674556,941.0269822546
36947.198221282,940.7349326013
36956.632202414,940.4896490918
36966.927832555,940.2425539685
36977.223462696,940.0160501053
36987.0723204978,939.8387706649
36997.3679506388,939.6740405827
37007.2168084406,939.5361565734
37017.0656662423,939.4179702798
37026.9145240441,939.309632844
37036.4013570246,939.2242513472
37047.1716866389,939.1380887103
37056.6585196194,939.0716808794
37066.5073774212,939.0224365904
37076.9476839301,938.9806753643
37086.4345169106,938.9617016984
37096.8748234195,938.9512613919
37106.7236812213,938.9512613919
37117.1639877303,938.9617016984
37126.6508207108,938.9806753643
37136.1376536913,939.0091358633
37146.5779602002,939.0404567828
37156.426818002,939.079852214
37166.8671245109,939.1216134401
37176.3539574914,939.159560772
37186.7942640003,939.201321998
37196.2810969808,939.2392693299
37207.0514265951,939.2823506484
37216.5382595756,939.3108111473
37226.9785660845,939.3421320669
37236.465399065,939.3611057328
37246.6634380922,939.3713037719
37256.1502710727,939.3713037719
37266.5905775816,939.3608634653
37276.7886166088,939.3404673873
37286.2754495893,939.3120068883
37296.4734886165,939.2610166932
37306.6715276436,939.199828459
37316.8695666708,939.1284421859
37326.0891111281,939.0639053747
37336.2871501553,938.9823210624
37346.3370257764,938.9019220575
37356.5350648036,938.8203377453
37366.5849404247,938.7499886159
37376.7829794519,938.6786023427
37386.8328550731,938.6082532134
37396.8827306942,938.537904084
37405.9381158323,938.4835717732
37415.9879914534,938.4232725195
37426.1860304806,938.3722823243
37436.2359061018,938.3320828218
37446.2857817229,938.301933195
37456.335657344,938.2818334437
37466.3855329651,938.2717835681
37476.4354085862,938.2617336925
37486.4852842074,938.2617336925
37496.5351598285,938.2617336925
37506.7331988557,938.2617336925
37515.7885839938,938.2526783074
37525.8384596149,938.2426284317
37535.8883352361,938.2225286805
37545.9382108572,938.1923790536
37555.9880864783,938.1622294268
37566.0379620994,938.1220299243
37576.0878377206,938.0818304218
37586.2858767478,938.0308402267
37596.3357523689,937.9805908486
37606.38562799,937.9202915948
37616.38562799,937.8602915948
37626.4355036111,937.7899424655
37636.4853792322,937.7195933361
37646.5352548534,937.6391943312
37656.5352548534,937.5591943312
37665.5906399915,937.4867512501
37675.5906399915,937.4067512501
37685.6405156126,937.3263522451
37695.6405156126,937.2463522451
37705.6903912338,937.1659532401
37715.7402668549,937.0855542352
37725.790142476,937.0051552302
37735.8400180971,936.9247562252
37746.0380571243,936.843171913
37756.0879327454,936.762772908
37766.2859717726,936.6709905568
37775.5055162299,936.5880146567
37785.9458227388,936.4940518981
37796.143861766,936.4022695468
37805.6306947465,936.31688805
37815.8287337737,936.2353037378
37826.2690402826,936.1517812857
37835.7558732631,936.0853734549
37845.9539122903,936.0139871817
37855.4407452708,935.9570661838
37865.8810517797,935.8944243447
37876.3213582886,935.8317825057
37885.5409027459,935.7764652389
37895.9812092548,935.7138233999
37905.4680422353,935.656902402
37915.9083487443,935.594260563
37925.3951817248,935.5278527321
37935.5932207519,935.4564664589
37946.0335272609,935.3729440068
37955.5203602414,935.297049343
37965.9606667503,935.2135268909
37976.1587057775,935.1421406177
37985.3782502348,935.0776038065
37995.8185567437,935.004521661
38006.0165957709,934.9331353878
38015.2361402282,934.8685985766
38025.2860158493,934.7982494472
38035.4840548765,934.716665135
38045.5339304976,934.63626613
38055.5838061187,934.5458172494
38065.6336817398,934.4553683689
38075.6336817398,934.3653683689
38085.683557361,934.2849693639
38095.683557361,934.2049693639
38105.683557361,934.1249693639
38115.7334329821,934.0345204833
38125.7334329821,933.9445204833
38135.7833086032,933.8440217271
38145.8331842243,933.7435229709
38155.8830598455,933.632974339
38165.1026043027,933.53155935
38175.3006433299,933.4091828817
38185.4986823571,933.2766083743
38195.6967213843,933.1338358279
38205.8947604115,932.9808652425
38215.1143048688,932.8333525312
38225.312343896,932.6497878287
38235.7526504049,932.4514220051
38244.9721948622,932.2670311159
38255.4125013711,932.0477846792
38265.6105403983,931.8234278206
38275.0973733788,931.6052306621
38285.295412406,931.3706757645
38295.7357189149,931.1201084082
38304.9552633722,930.8988393413
38315.1533023994,930.6438883656
38325.3513414265,930.3787393509
38335.4012170477,930.0973428335
38345.5992560748,929.8015997017
38355.649131696,929.4900535574
38365.6990073171,929.1684575376
38375.7488829382,928.8368116421
38385.7488829382,928.5068116421
38395.7488829382,928.1668116421
38404.8042680764,927.8589285474
38414.8042680764,927.5189285474
38424.8541436975,927.1671829006
38434.8541436975,926.8171829006
38444.9040193186,926.4553873783
38454.9538949397,926.0935918559
38465.1519339669,925.7264624509
38475.201809588,925.3646669286
38485.3998486152,924.9873394846
38495.5978876424,924.6100120406
38504.8174320997,924.2688888956
38515.0154711269,923.8915614516
38525.4557776358,923.5052701108
38534.6753220931,923.1549274214
38545.115628602,922.7581957741
38554.6024615825,922.3882092879
38565.0427680914,921.981037334
38574.5296010719,921.6110508478
38584.9699075808,921.2038788939
38594.4567405613,920.8338924077
38605.2270701756,920.4030792231
38614.7139031561,920.0236059039
38625.154209665,919.595553337
38634.6410426455,919.1971063518
38645.0813491545,918.748173172
38654.9302069562,918.3049745709
38664.779064758,917.851927112
38675.219371267,917.3507923996
38685.0682290687,916.8583495095
38694.5550620492,916.3745210275
38704.9953685582,915.8211847825
38714.4822015387,915.3088958016
38724.9225080476,914.7346789436
38734.7713658494,914.1831429067
38745.2116723583,913.5984857422
38754.6985053388,913.0577362623
38765.1388118477,912.4626387913
38774.6256448282,911.9218893114
38785.0659513371,911.3372321469
38794.5527843176,910.8059695
38804.7508233448,910.2450773535
38814.2376563253,909.7327883725
38824.6779628342,909.1898924341
38834.1647958147,908.7060639521
38844.6051023236,908.1944889331
38855.0454088326,907.7037945272
38864.5322418131,907.2863738761
38874.972548322,906.8478810027
38884.4593813025,906.4684076835
38894.6574203297,906.0808822004
38905.0977268386,905.6945908596
38914.3172712959,905.3719068036
38924.5153103231,905.0353715157
38934.7133493502,904.7192323059
38944.9113883774,904.4234891741
38954.9612639985,904.1521425323
38964.1808084558,903.9308734653
38974.230684077,903.7097762017
38984.2805596981,903.5087786892
38994.3304353192,903.3278809281
39004.3803109403,903.1670829181
39014.3803109403,903.0270829181
39024.4301865615,902.896434535
39034.4301865615,902.786434535
39044.4301865615,902.696434535
39054.4301865615,902.626434535
39064.4301865615,902.576434535
39074.4800621826,902.5462849082
39084.4800621826,902.5362849082
39094.5299378037,902.5463347838
39104.5798134248,902.5764844107
39114.5798134248,902.6364844107
39124.629689046,902.7168834156
39134.6795646671,902.8173821718
39144.7294402882,902.9379806793
39153.9489847455,903.0670543017
39163.9988603666,903.2379021873
39174.1968993938,903.4316649288
39184.394938421,903.6458237484
39194.5929774482,903.880378646
39204.0798104287,904.1175494705
39214.5201169376,904.3994377462
39224.0069499181,904.6745559027
39234.447256427,904.9982054044
39243.9340894075,905.3207577258
39254.7044190218,905.7084895919
39264.1912520023,906.0689892451
39274.0401098041,906.4530946994
39283.5269427846,906.8420548516
39294.2972723989,907.2944086954
39304.1461302007,907.7179095809
39313.9949880024,908.1512593242
39324.2906181434,908.6042670504
39334.1394759452,909.0474656515
39344.4351060862,909.5107690078
39353.8690872183,909.9352981587
39364.1647173592,910.3986015151
39374.013575161,910.8319512584
39384.309205302,911.2849589846
39393.7431864341,911.6906201733
39403.5920442359,912.1042722009
39413.8876743769,912.5263930367
39423.7365321787,912.9301962066
39434.0321623196,913.3420214122
39444.3277924606,913.7435509877
39454.1766502624,914.1079587264
39464.0255080642,914.4625176073
39474.3211382052,914.8228646622
39484.169996007,915.1577258274
39493.6568289875,915.4707913158
39503.5056867893,915.7859547655
39513.9459932982,916.1096042672
39523.7948511,916.4050700013
39533.9928901272,916.7008131331
39543.4797231077,916.9664444565
39553.9200296166,917.2483327323
39564.1180686438,917.513481747
39573.3376131011,917.7439703584
39583.5356521283,917.9887232951
39593.7336911554,918.2232781927
39603.7835667766,918.454425332
39613.8334423977,918.6755225956
39623.8833180188,918.8966198593
39633.9331936399,919.117717123
39643.9830692611,919.3388143866
39653.9830692611,919.5688143866
39663.9830692611,919.7988143866
39673.9830692611,920.0288143866
39683.9830692611,920.2588143866
39694.0329448822,920.4799116503
39704.0329448822,920.6999116503
39713.0883300203,920.8900747382
39723.1382056415,921.1011221262
39733.3362446686,921.3050829068
39743.5342836958,921.5090436873
39753.732322723,921.7130044679
39763.9303617502,921.9169652484
39773.1499062075,922.1013561376
39783.3479452347,922.3053169181
39793.7882517436,922.5036827418
39803.0077962009,922.6788540865
39813.4481027098,922.8772199101
39823.8884092187,923.0755857338
39833.107953676,923.2507570785
39843.5482601849,923.4595632087
39853.0350931654,923.6492998683
39863.4753996743,923.8581059985
39872.9622326548,924.0478426581
39883.160271682,924.2518034386
39893.6005781909,924.4501692623
39902.8201226482,924.625340607
39913.2604291571,924.8132661241
39923.4584681843,924.9968308266
39933.6565072115,925.1803955291
39942.8760516688,925.3463473293
39953.074090696,925.5299120318
39963.2721297232,925.7236747733
39973.4701687504,925.9174375149
39983.5200443715,926.1184350273
39992.7395888288,926.3120454609
40002.7894644499,926.5230928489
40012.9875034771,926.7474497075
40023.0373790982,926.9685469712
40033.0872547193,927.1896442349
40043.2852937465,927.4140010935
40053.3351693677,927.6350983571
40063.3850449888,927.8662454964
40073.583084016,928.100800394
40082.8026284733,928.3128499166
40093.0006675004,928.5474048142
40103.1987065276,928.7819597118
40113.3967455548,929.0063165704
40122.6162900121,929.2091465485
40133.056596521,929.4283929851
40143.4969030299,929.6476394218
40152.9837360104,929.8468629144
40162.4705689909,930.036599574
40173.2408986052,930.2520061663
40182.7277315857,930.4417428259
40192.5765893875,930.638719982
40202.4254471893,930.835697138
40212.2743049911,931.0228254362
40222.5699351321,931.2184424089
40232.4187929339,931.3957218493
40242.7144230749,931.5707475617
40253.0100532159,931.735477644
40263.3056833568,931.8899120961
40272.2499552668,932.0151319029
40282.5455854078,932.1489750947
40292.8412155488,932.2725226564
40302.2751966809,932.3762964488
40312.5708268219,932.4792527502
40322.8664569628,932.5719134215
40332.7153147646,932.6507042839
40343.0109449056,932.7227736949
40352.8598027074,932.7818668417
40362.2937838395,932.8196027663
40372.1426416413,932.8491493397
40381.991499443,932.8589981975
40392.7618290573,932.8589981975
40402.6106868591,932.8393004819
40412.4595446609,932.8097539085
40422.3084024627,932.7703584772
40432.1572602645,932.7211141882
40442.5975667734,932.6584723492
40452.4464245752,932.5796814868
40462.295282377,932.4910417666
40472.7355888859,932.376198395
40482.5844466877,932.2580121013
40492.0712796682,932.1346832726
40502.8416092825,931.983898658
40512.6904670843,931.836165791
40522.1773000648,931.6843764633
40532.947629679,931.5120511894
40542.4344626595,931.3507750288
40552.2833204613,931.1833444461
40562.7236269703,931.0058592355
40572.572484772,930.8482775107
40582.0593177525,930.696488183
40592.8296473668,930.5349332388
40602.3164803473,930.402117577
40612.1653381491,930.2740824256
40622.605644658,930.1487987475
40632.0924776385,930.0444435847
40642.5327841474,929.9400405196
40652.019617128,929.8546590228
40662.4599236369,929.7711365707
40671.9467566174,929.7047287399
40682.3870631263,929.6420869008
40692.5851021535,929.5910967057
40702.071935134,929.5531493738
40712.2699741612,929.5225552567
40722.4680131883,929.5123572176
40732.6660522155,929.5123572176
40741.8855966728,929.5215767621
40751.9354722939,929.5416765133
40762.1335113211,929.5722706304
40772.1833869423,929.6124701329
40782.2332625634,929.662719511
40792.4313015906,929.7137097062
40802.4811772117,929.7740089599
40812.5310528328,929.8343082136
40822.5809284539,929.8946074673
40831.6363135921,929.939884393
40841.6861892132,929.9901337711
40851.7360648343,930.0303332736
40861.7859404554,930.0604829005
40871.8358160766,930.0906325273
40881.8856916977,930.1107322786
40892.0837307249,930.1311283566
40902.133606346,930.1512281079
40912.1834819671,930.1713278591
40922.2333575882,930.201477486
40932.2832332094,930.2316271129
40942.3331088305,930.2718266153
40952.3829844516,930.3120261178
40961.4383695898,930.3573030435
40971.4882452109,930.4176022972
40981.538120832,930.4980013022
40991.5879964531,930.5884501828
41001.6378720743,930.6989988146
41011.6877476954,930.8296471977
41021.7376233165,930.980395332
41031.9356623437,931.1435639565
41041.9855379648,931.3244617176
41052.0354135859,931.5154093544
41062.0852892071,931.7264567425
41072.1351648282,931.9576038818
41081.1905499663,932.1839885102
41091.2404255874,932.4452852764
41101.2903012086,932.7266817938
41111.3401768297,933.0181281868
41121.3900524508,933.3196244554
41131.4399280719,933.621120724
41141.4898036931,933.9326668683
41151.5396793142,934.2442130126
41161.7377183414,934.5603522224
41171.7875939625,934.8718983666
41181.9856329897,935.1778395375
41191.0410181278,935.4495010916
41201.239057155,935.7452442234
41211.4370961822,936.0307893162
41221.8774026911,936.3126775919
41231.0969471484,936.5431662033
41241.5372536573,936.7937335595
41251.7352926845,937.0180904181
41261.5841504863,937.2150675742
41271.0709834668,937.3858305678
41281.5112899757,937.552875472
41291.3601477775,937.6907594812
41301.2090055793,937.8089457748
41311.9793351936,937.916649071
41321.8281929954,937.9954399334
41331.6770507972,938.0545330802
41341.9726809381,938.0854199706
41350.9169528481,938.0943642425
41361.2125829891,938.0840686124
41371.5082131301,938.053181722
41380.9421942622,938.0060118163
41391.2378244032,937.9442380354
41400.6718055352,937.8687661864
41410.9674356762,937.7761055151
41421.7840895026,937.6679389769
41431.2180706346,937.5641651844
41441.5137007756,937.4303219926
41450.9476819077,937.2982462567
41461.2433120487,937.1335161745
41470.6772931807,936.9637045141
41480.9729233217,936.7577919113
41490.9729233217,936.5477919113
41501.2685534627,936.310992418
41511.5641836037,936.0638972946
41520.9981647357,935.8186137852
41531.2937948767,935.5406317714
41540.7277760088,935.2764802997
41551.0234061498,934.9779070256
41561.0234061498,934.6779070256
41571.3190362907,934.3690381214
41580.7530174228,934.0765847063
41591.0486475638,933.7574201719
41600.8975053656,933.4422567223
41611.1931355066,933.1127965578
41621.0419933084,932.7976331081
41631.3376234493,932.4681729436
41641.1864812511,932.1628583517
41651.0353390529,931.8575437599
41660.5221720334,931.5729387705
41671.2925016477,931.2605992116
41680.7793346282,930.9949678882
41691.2196411371,930.7130796125
41700.7064741176,930.4759087879
41710.9045131448,930.2311558513
41721.3448196537,930.0014691081
41730.564364111,929.8170782189
41740.7624031382,929.6335135165
41750.9604421654,929.480542931
41761.1584811926,929.3479684237
41771.2083568137,929.2474696675
41781.2582324348,929.1771205381
41790.313617573,929.1408989976
41800.3634931941,929.1207992463
41810.3634931941,929.1307992463
41820.3634931941,929.1607992463
41830.3634931941,929.2107992463
41840.4133688152,929.2811483757
41850.4632444363,929.3615473807
41860.4632444363,929.4615473807
41870.5131200575,929.5720960125
41880.5629956786,929.6926945199
41890.6128712997,929.8132930274
41900.6627469208,929.9439414105
41910.860785948,930.0765159178
41920.9106615691,930.2071643009
41930.1302060264,930.3177988344
41940.5705125353,930.4430825125
41950.7685515625,930.5552609418
41960.255384543,930.6596161046
41970.4534235702,930.7717945339
41980.8937300791,930.8866379055
41990.7425878809,930.9949753413
42000.2294208614,931.0898436711
42010.9997504757,931.1975469672
42020.4865834562,931.292415297
42030.335441258,931.3909038751
42040.1842990598,931.4893924531
42050.0331568616,931.5878810311
42060.8034864759,931.6848139976
42070.6523442776,931.7734537178
42080.9479744186,931.855818759
42090.7968322204,931.9247607636
42100.6456900222,931.9838539104
42110.494547824,932.0330981994
42120.3434056258,932.0724936306
42130.1922634276,932.102040204
42140.6325699365,932.122920817
42150.4814277383,932.1327696748
42159.9682607188,932.1232828419
42170.4085672277,932.1024022288
42179.8954002082,932.0739417299
42190.3357067171,932.0321805039
42200.7760132261,931.9904192778
42209.9955576833,931.9443215555
42220.1935967105,931.8933313604
42230.3916357377,931.8423411653
42240.5896747649,931.7913509701
42250.639550386,931.7511514676
42260.8375894132,931.7103593115
42269.8929745514,931.6831931561
42279.9428501725,931.6630934049
42289.9927257936,931.6630934049
42299.9927257936,931.6730934049
42310.0426014147,931.6931931561
42320.0426014147,931.7231931561
42330.0426014147,931.7631931561
42340.0426014147,931.8131931561
42350.0924770358,931.8734924099
42360.142352657,931.9438415392
42370.142352657,932.0238415392
42380.1922282781,932.1142904198
42390.3902673053,932.2264688491
42400.4401429264,932.3470673565
42410.4900185475,932.4777157396
42420.6880575747,932.620488286
42429.7434427129,932.7472636779
42439.94148174,932.9002342633
42450.1395207672,933.0532048487
42460.3375597944,933.2061754342
42470.5355988216,933.3591460196
42479.7551432789,933.488219642
42489.9531823061,933.6309921883
42500.0030579272,933.7616405714
42510.2010969544,933.8840170397
42520.3991359816,933.98599743
42529.6186804389,934.0689733301
42539.66855606,934.1493723351
42549.8665950872,934.2207586083
42560.0646341144,934.2717488034
42570.1145097355,934.3119483059
42580.3125487627,934.332344384
42590.3624243838,934.3423942596
42599.5819688411,934.3331747151
42609.6318444622,934.3130749639
42619.8298834894,934.2824808468
42629.8797591105,934.2422813443
42639.9296347316,934.1920319662
42649.9795103528,934.1317327125
42660.17754938,934.0705444783
42670.2274250011,934.000195349
42680.2773006222,933.9298462196
42690.3271762433,933.8594970903
42699.3825613815,933.8051647795
42709.4324370026,933.7448655257
42719.4823126237,933.6946161476
42729.5321882448,933.6544166451
42739.582063866,933.6242670183
42749.582063866,933.6142670183
42759.6319394871,933.6142670183
42769.6818151082,933.6343667695
42779.7316907293,933.674566272
42789.7815663505,933.7248156501
42799.8314419716,933.7951647795
42809.8813175927,933.8755637844
42819.9311932138,933.966012665
42829.9311932138,934.066012665
42839.9810688349,934.1765612968
42850.0309444561,934.2871099287
42860.0808200772,934.4077084361
42869.1362052153,934.5163730578
42879.1860808365,934.6369715652
42889.2359564576,934.7575700727
42899.2359564576,934.8675700727
42909.2858320787,934.9781187045
42919.3357076998,935.0786174607
42929.385583321,935.179116217
42939.4354589421,935.2796149732
42949.4853345632,935.390163605
42959.5352101843,935.5007122368
42969.5352101843,935.6207122368
42979.5850858054,935.7413107443
42989.6349614266,935.8619092517
42999.6848370477,935.9825077592
43009.7347126688,936.1131561423
43019.7845882899,936.2438045253
43029.8344639111,936.3744529084
43038.8898490492,936.4921729152
43048.8898490492,936.6221729152
43058.9397246703,936.7528212983
43068.9896002915,936.8834696814
43079.0394759126,937.0141180644
43089.0893515337,937.1447664475
43099.1392271548,937.2754148306
43109.1891027759,937.4060632137
43119.189102776,937.5360632137
43129.2389783971,937.6667115967
43139.2888540182,937.7873101042
43149.3387296393,937.9079086116
43159.3886052604,938.0285071191
43169.3886052604,938.1485071191
43179.4384808816,938.2590557509
43189.4883565027,938.3696043828
43199.4883565027,938.4796043828
43209.5382321238,938.5901530146
43219.5382321238,938.7001530146
43229.5382321238,938.8101530146
43239.5881077449,938.9207016464
43249.5881077449,939.0307016464
43258.5881077449,939.1297016464
43268.5881077449,939.2397016464
43278.5881077449,939.3497016464
43288.5881077449,939.4597016464
43298.5881077449,939.5697016464
43308.5881077449,939.6697016464
43318.5881077449,939.7697016464
43328.5881077449,939.8597016464
43338.5881077449,939.9397016464
43348.6379833661,940.0201006514
43358.6379833661,940.0901006514
43368.6379833661,940.1601006514
43378.6878589872,940.2203999051
43388.6878589872,940.2803999051
43398.7377346083,940.3306492832
43408.7377346083,940.3706492832
43418.7876102294,940.4108487857
43428.8374858506,940.4409984126
43438.8374858506,940.4709984126
43448.8873614717,940.5011480394
43458.9372370928,940.5312976663
43468.9871127139,940.5614472932
43479.0369883351,940.59159692
43489.0868639562,940.6217465469
43499.1367395773,940.6518961737
43508.3562840346,940.6703352627
43518.5543230618,940.6907313407
43528.6041986829,940.710831092
43538.8022377101,940.741425209
43549.0002767373,940.7720193261
43559.1983157645,940.8026134432
43568.4178602217,940.8302720766
43578.8581667307,940.8720333026
43589.0562057578,940.9128254587
43598.5430387384,940.9507727906
43608.7410777655,940.9813669077
43618.227910746,941.0098274067
43628.668217255,941.0411483262
43638.1550502355,941.0790956581
43648.5953567444,941.1208568841
43658.0821897249,941.1588042161
43668.8525193391,941.2018855345
43678.3393523197,941.2398328665
43688.7796588286,941.271153786
43697.9992032859,941.2988124193
43708.4395097948,941.3196930324
43718.8798163037,941.3405736454
43728.099360761,941.3497931898
43738.2973997882,941.3599912289
43748.4954388154,941.3701892679
43758.6934778425,941.390585346
43768.8915168697,941.410981424
43777.9469020079,941.4381475794
43787.996777629,941.4682972063
43798.0466532501,941.4984468331
43808.0965288712,941.52859646
43818.1464044924,941.5587460869
43828.1962801135,941.5888957137
43838.2461557346,941.6190453406
43848.2960313557,941.6491949675
43858.2960313557,941.6691949675
43868.3459069769,941.6892947187
43878.395782598,941.7093944699
43888.4456582191,941.7294942212
43898.4955338402,941.7596438481
43908.6935728674,941.7902379651
43917.7489580055,941.8264595057
43927.9469970327,941.8774497008
43938.1450360599,941.938637935
43948.3430750871,942.0100242082
43957.5626195444,942.0930001083
43968.0029260533,942.1974031734
43978.4432325622,942.3226868515
43987.9300655427,942.4555025132
43998.3703720516,942.6225474174
44008.2192298534,942.7998268578
44017.7060628339,942.9895635174
44027.5549206357,943.2160872468
44038.32525025,943.4853454872
44048.1741080518,943.7611135056
44057.6080891838,944.0441329396
44067.9037193248,944.3735931041
44078.1993494658,944.7133488988
44088.0482072676,945.0580589218
44097.4821883997,945.3976822426
44107.7778185407,945.7786205578
44117.7778185407,946.1586205578
44128.0734486816,946.5601501333
44138.3690788226,946.9719753389
44147.8030599547,947.3587685654
44158.0986900957,947.7808894011
44168.0986900957,948.2008894011
44178.3943202367,948.6333058671
44187.8283013687,949.0389670557
44198.1239315097,949.4816791518
44207.5579126418,949.8873403405
44218.3745664681,950.352456455
44227.8085476002,950.7581176437
44238.1041777412,951.1905341096
44247.5381588732,951.5867613172
44258.3548126996,952.030244124
44267.7887938317,952.4170373505
44278.0844239727,952.8391581862
44287.5184051047,953.2259514127
44297.8140352457,953.6480722484
44307.8140352457,954.0580722484
44318.1096653867,954.4904887144
44327.5436465187,954.8867159219
44337.8392766597,955.329428018
44347.8392766597,955.769428018
44358.1349068007,956.2327313743
44367.5688879328,956.6572605253
44377.8645180738,957.1308595117
44387.2984992058,957.5648226438
44398.1151530322,958.0623887198
44407.5491341643,958.4963518519
44417.8447643052,958.9699508384
44427.2787454373,959.4039139705
44437.5743755783,959.8775129569
44447.8700057193,960.3511119434
44457.3039868513,960.7756410944
44467.5996169923,961.2389444507
44477.8952471333,961.7022478071
44487.7441049351,962.1454464081
44497.5929627369,962.5886450092
44507.4418205387,963.0416924681
44517.2906783405,963.494739927
44527.1395361423,963.9477873859
44537.5798426512,964.4280414853
44547.0666756317,964.8549489694
44557.5069821406,965.3247627623
44566.9938151211,965.7421834134
44577.1918541483,966.1806990916
44587.6321606572,966.6087516585
44597.8301996844,967.0166732196
44607.0497441417,967.3670159089
44617.2477831689,967.7341453139
44627.29765879,968.075841085
44637.3475344111,968.4074869805
44647.3974100322,968.7190331248
44657.4472856534,969.0205293934
44667.4971612745,969.3019259108
44677.5470368956,969.563222677
44687.5969125167,969.8044196919
44697.6467881379,970.0255169555
44706.6467881379,970.2055169555
44716.696663759,970.3864147167
44726.7465393801,970.5472127267
44736.7964150012,970.6879109854
44746.8462906223,970.8085094928
44756.8462906223,970.9085094928
44766.8961662435,970.9989583734
44776.9460418646,971.0693075027
44786.9959174857,971.1296067565
44796.9959174857,971.1796067565
44807.0457931068,971.219806259
44817.095668728,971.2600057614
44827.1455443491,971.2901553883
44837.1455443491,971.3201553883
44847.1954199702,971.3503050152
44857.2452955913,971.380454642
44867.2951712125,971.4206541445
44877.3450468336,971.460853647
44887.3450468336,971.510853647
44897.3949224547,971.5611030251
44906.4503075929,971.6063799508
44916.500183214,971.6465794533
44926.500183214,971.6865794533
44936.5500588351,971.7167290801
44946.5999344562,971.746878707
44956.6498100773,971.7770283339
44966.6996856985,971.8071779607
44976.7495613196,971.8373275876
44986.7994369407,971.8674772145
44996.9974759679,971.8980713315
45007.1955149951,971.9388634877
45016.4150594524,971.9757416655
45026.6130984796,972.0165338216
45036.8111375068,972.0471279387
45046.2979704873,972.0755884376
45056.7382769962,972.0964690506
45066.9363160234,972.1168651287
45076.7851738251,972.1267139865
45086.2720068056,972.1267139865
45097.0423364199,972.1159436569
45106.5291694004,972.0969699909
45116.3780272022,972.0674234175
45126.6736573432,972.0262408969
45136.522515145,971.9769966079
45146.818145286,971.9152228271
45156.6670030878,971.8462808225
45166.9626332288,971.7639157813
45176.3966143608,971.66957597
45186.6922445018,971.5563240385
45196.1262256339,971.4431162649
45206.4218557748,971.3195687032
45216.7174859158,971.1857255114
45226.1514670479,971.0630837566
45236.4470971889,970.9292405648
45246.4470971889,970.7992405648
45256.7427273299,970.665397373
45267.0383574708,970.5315541812
45276.4723386029,970.4089124264
45286.7679687439,970.2750692346
45296.2019498759,970.1524274799
45306.4975800169,970.0185842881
45316.4975800169,969.8885842881
45326.7932101579,969.7650367264
45336.22719129,969.6518289528
45346.522821431,969.5385770212
45356.8184515719,969.4356207198
45366.252432704,969.3507148896
45376.548062845,969.2683498485
45385.982043977,969.2023119806
45396.277674118,969.1405381997
45406.573304259,969.089060049
45416.0072853911,969.0513241245
45426.302915532,969.0101416039
45436.598545673,968.9792547135
45446.4474034748,968.9497081401
45456.2962612766,968.9300104245
45466.5918914176,968.9094191642
45476.4407492194,968.8995703064
45485.9275821999,968.8900834734
45496.6979118142,968.8793131438
45506.1847447947,968.8698263108
45515.6715777752,968.8603394779
45526.1118842841,968.8498991714
45535.5987172646,968.8404123384
45546.0390237735,968.8299720319
45556.4793302824,968.8195317254
45565.6988747397,968.8103121809
45576.1391812486,968.7998718744
45586.3372202758,968.7896738354
45595.5567647331,968.7804542909
45605.997071242,968.7700139844
45616.1951102692,968.7598159454
45625.6819432497,968.7503291124
45635.8799822769,968.7401310734
45646.3202887858,968.7401310734
45655.5398332431,968.7401310734
45665.980139752,968.7505713799
45676.4204462609,968.7610116864
45685.9072792414,968.7704985194
45696.3475857503,968.7913791324
45705.8344187309,968.8103527983
45715.6832765326,968.8300505139
45726.1235830416,968.850931127
45735.9724408433,968.8804777004
45745.8212986451,968.9100242738
45755.6701564469,968.9395708472
45766.4404860612,968.971881836
45776.289343863,969.0014284094
45786.1382016648,969.0309749828
45795.9870594666,969.0506726984
45806.2826896076,969.0712639587
45816.1315474094,969.0811128165
45825.5655285414,969.0811128165
45835.4143863432,969.0712639587
45845.7100164842,969.0609683286
45855.558874286,969.041270613
45865.854504427,969.0206793527
45875.7033622288,969.0009816371
45885.5522200306,968.9911327793
45895.8478501716,968.9808371491
45905.6967079733,968.9709882913
45915.9923381143,968.9606926612
45925.8411959161,968.9508438034
45935.6900537179,968.9409949456
45945.9856838589,968.9306993155
45955.8345416607,968.9208504576
45965.6833994625,968.9110015998
45975.5322572643,968.9110015998
45985.3811150661,968.9110015998
45995.6767452071,968.92129723
46005.1635781876,968.930784063
46015.9339078018,968.9523247222
46025.7827656036,968.9818712956
46035.6316234054,969.0212667268
46045.1184563859,969.0687008917
46055.8887860002,969.1333228694
46065.737643802,969.202264874
46075.5865016038,969.2810557364
46085.0733345843,969.3759240662
46095.8436641986,969.494397692
46105.6925220004,969.6125839856
46115.1793549809,969.7264259814
46125.0282127827,969.8544611328
46135.7985423969,969.9944754178
46145.6474001987,970.1225105692
46155.4962580005,970.2505457206
46165.3451158023,970.3785808721
46175.1939736041,970.5164648813
46185.0428314059,970.6543488905
46195.4831379148,970.8109534881
46205.3319957166,970.968535213
46215.1808535184,971.1261169378
46225.6211600273,971.3036021484
46235.4700178291,971.4710327311
46245.3188756309,971.6384633137
46254.8057086114,971.7902526414
46265.5760382257,971.9625779152
46275.4248960275,972.1201596401
46285.2737538293,972.2777413649
46295.122611631,972.4353230897
46304.9714694328,972.5929048145
46315.7417990471,972.7652300884
46325.5906568489,972.9228118132
46335.4395146507,973.080393538
46345.2883724525,973.2379752629
46355.1372302543,973.3955569877
46364.9860880561,973.5531387125
46374.8349458579,973.7107204373
46384.6838036597,973.8683021622
46394.5326614615,974.025883887
46404.8282916024,974.1803183391
46414.6771494042,974.3280512061
46424.526007206,974.4757840732
46434.821637347,974.6302185253
46444.6704951488,974.7779513923
46454.5193529506,974.9256842593
46464.8149830916,975.0801187114
46474.6638408934,975.2278515785
46484.9594710344,975.3719904005
46494.8083288362,975.5098744097
46504.657186638,975.6379095611
46514.9528167789,975.7614571228
46524.8016745807,975.8697945586
46534.6505323825,975.9781319944
46544.9461625235,976.0810882958
46554.7950203253,976.1795768739
46565.0906504663,976.2722375451
46574.9395082681,976.3608772653
46584.7883660699,976.4396681278
46595.0839962109,976.5117375387
46604.9328540127,976.5806795434
46615.2284841536,976.6424533242
46625.0773419554,976.701546471
46634.9261997572,976.7606396178
46645.2218298982,976.8121177685
46655.0706877,976.8613620575
46665.366317841,976.9025445781
46675.2151756428,976.9419400093
46685.0640334446,976.9813354405
46694.4980145766,977.019071365
46704.3468723784,977.0584667963
46714.6425025194,977.0996493168
46724.4913603212,977.139044748
46734.7869904622,977.1802272686
46745.0826206032,977.2214097892
46754.5166017352,977.2591457137
46764.8122318762,977.3003282342
46774.2462130083,977.3380641588
46784.5418431493,977.3792466793
46794.5418431493,977.4292466793
46804.8374732903,977.48072483
46814.8374732903,977.54072483
46824.8374732903,977.61072483
46834.8374732903,977.70072483
46844.8374732903,977.80072483
46854.8374732903,977.91072483
46864.8374732903,978.02072483
46874.0570177476,978.1313593635
46884.6871635603,978.2589211133
46894.6871635603,978.3889211133
46904.5866584969,978.5275140424
46914.4861534335,978.6859059614
46924.3856483701,978.8541973753
46935.0157941828,979.0455399999
46944.9152891195,979.2336304037
46954.8147840561,979.4415197974
46964.7142789927,979.659308686
46974.6137739293,979.8869970695
46983.8333183866,980.1082661365
46994.4634641993,980.363389636
47004.3629591359,980.6108770094
47014.3629591359,980.8608770094
47024.2624540725,981.1083643829
47034.2624540725,981.3583643829
47044.1619490091,981.5959522613
47054.7920948219,981.8510757608
47064.0116392792,982.0631252834
47073.9111342158,982.280914172
47084.5412800285,982.4935170882
47094.4407749651,982.681607492
47104.3402699017,982.8498989059
47114.3402699017,982.9998989059
47124.2397648383,983.138491835
47134.139259775,983.2572857743
47144.0387547116,983.3562807237
47153.9382496482,983.4354766831
47164.5683954609,983.499257558
47174.4678903975,983.5388555378
47184.3673853341,983.5685540226
47194.2668802707,983.5784535175
47204.1663752073,983.5685540226
47214.065870144,983.5388555378
47223.9653650806,983.4893580631
47233.8648600172,983.4200615985
47243.7643549538,983.3309661441
47254.3945007665,983.2140345402
47264.2939957031,983.085341106
47274.1934906397,982.9467481769
47284.0929855764,982.7883562579
47293.992480513,982.620064844
47303.992480513,982.440064844
47313.8919754496,982.2618739351
47323.7914703862,982.0737835313
47334.4216161989,981.8718107609
47344.3211111355,981.6738208621
47353.5406555928,981.489429973
47364.1708014056,981.2661969109
47374.0702963422,981.0583075173
47384.0702963422,980.8483075173
47393.9697912788,980.6503176185
47403.9697912788,980.4503176185
47413.9697912788,980.2503176185
47423.9697912788,980.0503176185
47433.9697912788,979.8403176185
47444.5999370915,979.6170845565
47454.0339182236,979.4189709527
47464.0339182236,979.2089709527
47474.0339182236,978.9989709527
47483.4678993556,978.8008573489
47494.284553182,978.5737076186
47503.7185343141,978.3755940148
47514.014164455,978.1593857818
47523.4481455871,977.9707061592
47533.7437757281,977.7647935564
47544.0394058691,977.5691765837
47553.4733870011,977.3899309422
47563.3222448029,977.2028026439
47573.6178749439,977.0071856713
47583.4667327457,976.820057373
47593.7623628867,976.6244404003
47603.6112206885,976.4274632443
47613.9068508295,976.2215506415
47623.7557086313,976.0147246276
47634.0513387722,975.7985163947
47643.900196574,975.581841523
47653.7490543758,975.3553177936
47664.0446845168,975.1082226702
47672.9889564268,974.8756716006
47683.2845865678,974.5976895868
47693.1334443696,974.3120727105
47703.4290745106,974.0032038063
47713.2779323124,973.6880403566
47723.1267901142,973.3630280492
47733.4224202552,973.0129766244
47743.2712780569,972.6682666013
47753.1201358587,972.3137077204
47763.4157659997,971.9327694052
47773.2646238015,971.5585128088
47783.1134816033,971.1744073545
47793.4091117443,970.772877779
47803.2579695461,970.3789234669
47813.1068273479,969.9849691548
47823.4024574889,969.5731439492
47833.2513152907,969.1693407793
47844.0216449049,968.7277572651
47853.5084778854,968.3387971129
47863.3573356872,967.9448428009
47873.206193489,967.5508884888
47883.6464999979,967.143716535
47893.4953577997,966.7694599385
47902.9821907802,966.4184471182
47913.7525203945,966.0414855817
47923.239353375,965.7189332604
47933.6796598839,965.3848434521
47943.1664928644,965.1002384627
47953.3645318916,964.8248914089
47962.8513648721,964.5877205844
47973.291671381,964.3580338412
47983.4897104082,964.1642710997
47992.9765433887,964.002994939
48003.1745824159,963.8602223927
48013.6148889248,963.7349387146
48022.8344333821,963.64274327
48033.274739891,963.5592208179
48043.7150463999,963.4861386723
48052.9345908572,963.4400409501
48063.3748973661,963.398279724
48073.5729363933,963.377883646
48083.0597693738,963.368396813
48093.257808401,963.378594852
48103.6981149099,963.399475465
48112.9176593672,963.4363536429
48123.3579658761,963.4885551754
48133.5560049033,963.5497434096
48143.0428378838,963.6066644075
48153.240876911,963.6780506806
48163.6811834199,963.7511328262
48172.9007278772,963.8156696374
48183.3410343861,963.8783114765
48192.8278673666,963.9352324743
48202.6767251684,963.9844767634
48212.5255829702,964.0337210524
48222.8212131112,964.0749035729
48233.1168432522,964.1160860935
48242.5508243843,964.153822018
48253.180970197,964.2069727471
48262.614951329,964.2541426527
48272.5144462656,964.3135396224
48282.5144462657,964.3835396224
48292.7124852928,964.4651239346
48302.7124852928,964.5551239346
48312.1993182733,964.6405054314
48322.4949484143,964.7434617328
48332.5448240355,964.843960489
48342.5946996566,964.9444592452
48352.5946996566,965.0444592452
48362.5946996566,965.1544592452
48372.6445752777,965.2650078771
48381.864119735,965.3664228661
48392.0621587622,965.4786012954
48402.1120343833,965.5891499272
48412.5523408922,965.6935529923
48421.7718853495,965.7857484369
48431.9699243767,965.8877288272
48442.4102308856,965.9921318923
48452.6082699128,966.0941122825
48461.8278143701,966.1863077271
48472.268120879,966.2907107922
48482.4661599062,966.4028892215
48491.9529928867,966.5072443843
48502.1510319139,966.6296208526
48512.3490709411,966.7519973209
48521.8359039216,966.8753261497
48532.0339429488,967.018098696
48542.2319819759,967.1710692815
48552.6722884848,967.3381141856
48561.8918329421,967.4948464414
48572.3321394511,967.693212265
48582.5301784782,967.8971730456
48592.0170114587,968.0963965382
48602.2150504859,968.3105553577
48612.6553569948,968.5402421009
48621.8749014521,968.743072079
48632.3152079611,968.9727588222
48642.5132469882,969.1971156808
48652.0000799687,969.4058260064
48662.1981189959,969.640380904
48671.6849519764,969.8585780625
48681.8829910036,970.0931329602
48692.3232975125,970.3228197034
48701.5428419698,970.5256496814
48711.9831484787,970.7448961181
48722.4234549876,970.9537022483
48731.9102879681,971.1244652419
48742.3505944771,971.3019504526
48751.5701389344,971.4494631639
48762.0104454433,971.6060677615
48771.4972784238,971.7388834233
48781.9375849327,971.8850477144
48791.3715660647,972.0076894691
48802.0017118775,972.1458813647
48812.0017118775,972.2758813647
48821.8505696793,972.4137653739
48831.3374026598,972.5465810356
48841.7777091687,972.7031856333
48851.2116903007,972.8541293314
48861.2116903007,973.0341293314
48871.6519968096,973.232495155
48881.7018724308,973.4435425431
48891.5507302326,973.6700662725
48901.5507302326,973.9100662725
48911.8463603736,974.1777526562
48921.3331933541,974.4338971467
48931.3830689752,974.7152936641
48941.4329445963,975.0067400571
48951.4828202174,975.2981864501
48961.6808592446,975.6041276209
48970.9004037019,975.8807139546
48981.0984427291,976.1866551254
