S,z
0,765
10,764.42
20,763.85
30.0498756211,763.2771570896
40.0997512422,762.7143640548
49.3192956995,762.1980695652
59.5173347267,761.6269793797
69.9576412356,761.0423222152
79.1771856929,760.53524727
89.9475153072,759.9428791412
99.796373109,759.41104082
109.6452309108,758.8890513565
119.9408610518,758.3536785891
129.7897188536,757.8415379834
140.0853489946,757.3164608462
149.9342067964,756.8141690983
159.7830645981,756.3020284927
169.6319223999,755.789887887
179.4807802017,755.2678984235
189.7764103427,754.7119343959
200.546739957,754.1303365967
210.0335729375,753.6180476157
219.520405918,753.1057586348
230.2907355323,752.5349311652
240.1395933341,752.0227905595
250.579899843,751.5007752341
259.7994443003,751.0674566446
270.2397508092,750.6080831582
280.6800573181,750.1800305913
290.1668902986,749.8290177711
300.3649293258,749.4822844441
310.562968353,749.1559471953
320.7610073802,748.8602040635
330.2478403607,748.604059573
340.2977159818,748.3528126825
350.495755009,748.1182577849
360.6937940362,747.9040989653
370.8918330633,747.7001381847
381.0898720905,747.5165734823
390.1452572287,747.3626319349
400.3432962558,747.1994633105
410.541335283,747.0464927251
420.7393743102,746.9037201787
430.9374133374,746.7609476323
440.9872889585,746.6302992492
451.1853279857,746.4977247419
460.404872443,746.3870902084
470.6029114702,746.2647137401
480.6527870913,746.1441152326
490.8508261185,746.0217387643
501.0488651457,745.8891642569
511.2469041729,745.7565897496
521.4449432001,745.6240152422
531.4948188212,745.4933668591
540.5502039593,745.3756468523
550.7482429865,745.232874306
560.9462820137,745.0901017596
571.1443210409,744.9473292132
581.3423600681,744.8045566668
591.5403990952,744.6719821595
601.5902747164,744.5413337764
610.8098191737,744.4214796985
620.8596947948,744.2807814398
631.057733822,744.1380088934
641.2557728491,743.985038308
651.4538118763,743.8218696835
661.6518509035,743.638304981
671.7017265246,743.4473573442
681.8997655518,743.2433965637
691.3865985323,743.0441730711
701.5846375595,742.8198162125
711.07147054,742.6111058869
721.5117770489,742.3814191437
731.9520835578,742.1517324005
741.8009413596,741.9350575289
751.6497991614,741.7183826573
761.4986569632,741.5115566434
771.7942871042,741.2953484105
781.643144906,741.0885223966
791.938775047,740.8723141637
802.234405188,740.6561059307
811.66838632,740.4674263081
821.964016461,740.2718093354
831.3979975931,740.101997675
842.2146514195,739.91811456
851.6486325515,739.776604843
862.4652863779,739.6251716894
871.89926751,739.5119639158
882.194897651,739.3987119843
892.0437554528,739.3002234063
902.3393855938,739.207562735
912.1882433956,739.1287718726
922.6285499045,739.0452494205
932.115382885,738.9693547567
942.1652585061,738.8889557517
952.3632975333,738.7971734004
962.4131731544,738.7067245199
972.4131731544,738.6167245199
982.4131731544,738.5267245199
992.4131731544,738.4567245199
1002.4131731544,738.4067245199
1012.4630487755,738.3866247686
1022.5129243966,738.3966746442
1032.5628000178,738.4268242711
1042.6126756389,738.4670237736
1052.6126756389,738.5170237736
1062.66255126,738.5672731517
1072.7124268811,738.6074726542
1082.7623025022,738.637622281
1092.8121781234,738.6577220323
1102.2990111039,738.6672088653
1113.0693407181,738.6779791949
1122.5561736986,738.6874660279
1132.8518038396,738.7080572881
1142.7006616414,738.7277550037
1152.9962917824,738.7380506339
1162.8451495842,738.7380506339
1173.1407797252,738.7174593736
1182.989637527,738.6780639424
1193.285267668,738.6162901615
1203.1341254698,738.5374992991
1213.4297556108,738.4242473676
1223.2786134126,738.2962122162
1233.5742435536,738.141777764
1243.4231013553,737.9743471814
1252.8570824874,737.7951015399
1263.1527126284,737.5788933069
1273.0015704302,737.3523695775
1283.7719000445,737.0938816668
1293.6207578463,736.8575090795
1303.1075908268,736.639311921
1313.877920441,736.4131349991
1323.3647534215,736.2233983395
1333.4146290427,736.0324507027
1343.6126680698,735.8386879611
1353.810707097,735.6347271806
1363.8605827181,735.4236797926
1374.0586217453,735.199322934
1384.0586217453,734.979322934
1394.1084973665,734.7682755459
1403.1638825046,734.5871678431
1413.3619215318,734.3934051016
1423.8022280407,734.2054795845
1434.0002670679,734.032112921
1444.1983060951,733.8587462575
1454.2481817162,733.6979482476
1463.4677261735,733.5504355363
1473.5176017946,733.399687402
1483.5674774157,733.2489392677
1493.6173530368,733.108241009
1503.667228658,732.9775926259
1513.8652676851,732.8552161576
1523.9151433063,732.7547174013
1533.9650189274,732.6743183964
1544.0148945485,732.6140191427
1554.2129335757,732.5732269865
1564.2628091968,732.5430773597
1574.3126848179,732.5229776084
1584.362560439,732.4928279816
1594.5605994662,732.4520358255
1604.5605994662,732.3820358255
1614.6104750874,732.2815370693
1624.6603507085,732.1408388106
1634.6603507085,731.9708388106
1644.7102263296,731.7698412981
1654.7601019507,731.5386941589
1664.7601019507,731.2986941589
1674.7601019507,731.0686941589
1684.7601019507,730.8586941589
1694.8099775718,730.6677465221
1704.2968105523,730.5159571944
1714.7371170613,730.3697929032
1724.5859748631,730.2516066096
1735.026281372,730.1472035445
1744.8751391738,730.0585638243
1755.3154456827,729.9646010657
1764.8022786632,729.8887064019
1774.651136465,729.8099155395
1784.946766606,729.7275504983
1794.7956244078,729.6487596359
1804.7956244078,729.5687596359
1815.4257702205,729.4837184694
1824.6453146778,729.4099621138
1834.6453146778,729.3299621138
1844.9409448188,729.2578927028
1854.7898026206,729.1889506982
1865.2301091295,729.1263088591
1875.4281481567,729.065120625
1884.647692614,729.0098033582
1895.0879991229,728.9471615192
1905.28603815,728.885973285
1915.726344659,728.8337717524
1924.9458891163,728.7876740302
1934.9957647374,728.7474745277
1945.1938037646,728.7066823716
1955.1938037646,728.6666823716
1965.2436793857,728.6264828691
1975.2935550068,728.5862833666
1985.3434306279,728.5360339885
1995.3434306279,728.4860339885
2005.393306249,728.4357846104
2015.4431818702,728.3855352323
2025.6412208973,728.3447430762
2035.8392599245,728.3039509201
2045.6881177263,728.2744043467
2055.5369755281,728.2547066311
2065.3858333299,728.2448577733
2075.6814634709,728.2448577733
2085.9770936119,728.2551534034
2095.411074744,728.2645873845
2105.7067048849,728.2851786448
2115.5555626867,728.3048763604
2125.8511928277,728.3254676207
2135.3380258082,728.3349544537
2145.7783323171,728.3453947602
2155.8282079383,728.3453947602
2165.8780835594,728.3453947602
2175.9279591805,728.3554446358
2185.9778348016,728.375544387
2196.0277104227,728.4157438895
2206.2257494499,728.4871301627
2215.7125824304,728.5914853255
2226.1528889393,728.7585302297
2236.0017467411,728.9752051013
2245.8506045429,729.2509731197
2256.1462346839,729.6010245445
2265.9950924857,729.9949788566
2275.8439502875,730.4381774577
2285.6928080893,730.9306203478
2296.4631377036,731.5229884766
2306.3119955054,732.1040710869
2316.6076256464,732.7424001556
2326.4564834482,733.3727270549
2336.7521135891,734.0419430141
2346.6009713909,734.691967629
2356.4498291927,735.3518411017
2366.7454593337,736.0416483212
2376.5943171355,736.7113706517
2386.8899472765,737.4114735013
2396.7388050783,738.0811958318
2407.0344352193,738.7915943115
2416.8832930211,739.4711654999
2426.3701260016,740.1257569755
2436.8104325105,740.8356978181
2446.297265491,741.4713156278
2456.7375719999,742.1603758574
2466.9356110271,742.8130503551
2476.4224440076,743.4012339999
2486.8627505165,744.038092697
2496.349583497,744.6073026758
2507.1199131113,745.242752123
2516.9687709131,745.8238347334
2526.8176287149,746.4049173437
2537.1132588559,747.012359522
2546.5472399879,747.5689644088
2556.8428701289,748.1867022172
2566.6917279307,748.7776336853
2576.8897669579,749.399714066
2586.939642579,750.0228063545
2596.9895182001,750.6559485186
2606.4763511806,751.2536189964
2616.7719813216,751.9022436953
2626.7719813216,752.5122436953
2636.6714762582,753.0963138965
2646.6714762582,753.6563138965
2656.52033406,754.1684545022
2666.0071670405,754.6238224853
2676.0570426617,755.0660170126
2686.0570426617,755.4860170126
2696.2550816889,755.9041366127
2706.453120716,756.3120581738
2715.9399536965,756.6915314931
2726.3802602055,757.1091437534
2736.8205667144,757.5267560138
2745.8759518525,757.8889714193
2755.9258274736,758.2809165685
2765.9258274736,758.6709165685
2775.9258274736,759.0509165685
2786.1238665008,759.4180459735
2796.321905528,759.7647793004
2806.7622120369,760.0779884957
2816.6110698387,760.3340587985
2826.0979028192,760.5427691241
2836.8682324335,760.7258647275
2846.355065414,760.8491935563
2856.7953719229,760.9535966214
2866.6442297247,761.022538626
2876.4930875265,761.071782915
2886.3419453283,761.1111783462
2896.6375754693,761.1420652366
2906.4864332711,761.1617629522
2917.3030870974,761.1725796061
2926.5226315547,761.1817991505
2936.5226315547,761.1817991505
2947.1527773675,761.1817991505
2956.3723218248,761.1725796061
2966.3723218248,761.1525796061
2976.3723218248,761.1125796061
2987.1889756512,761.0476796831
2997.1889756512,760.9676796831
3006.4085201085,760.8570451496
3017.0386659212,760.6869628166
3027.0386659212,760.4769628166
3036.4726470532,760.2316793072
3046.7682771942,759.9125147728
3057.2085837031,759.5366637385
3067.2584593243,759.124618838
3077.3083349454,758.6723744351
3087.3083349454,758.1823744351
3097.3582105665,757.6698307784
3106.5777550238,757.1904144666
3116.775794051,756.6703144762
3126.9738330782,756.1706105639
3137.1718721054,755.6913027296
3147.3699111325,755.2425890124
3157.4197867537,754.830544112
3167.4696623748,754.4486488384
3177.4696623748,754.0986488384
3187.5195379959,753.7770528185
3197.5195379959,753.4770528185
3207.5195379959,753.1970528185
3217.569413617,752.9156563011
3227.6192892381,752.6242099081
3237.6192892381,752.3142099081
3247.6691648593,751.972514137
3257.6691648593,751.592514137
3267.6691648593,751.172514137
3277.6691648593,750.712514137
3287.6691648593,750.212514137
3297.6691648593,749.682514137
3307.6691648593,749.132514137
3317.7190404804,748.5596712266
3327.7689161015,747.9767784405
3337.8187917226,747.3838357789
3348.0168307498,746.7719534373
3358.0667063709,746.1589110244
3368.1165819921,745.5358187359
3378.1664576132,744.8926266961
3388.1664576132,744.2426266961
3397.3860020705,743.6341367619
3407.8263085794,742.9346362258
3417.6751663812,742.2846116109
3427.6751663812,741.6346116109
3437.6751663812,741.0146116109
3447.9707965222,740.4174650627
3457.819654324,739.8954755992
3467.0391987813,739.4621570097
3477.0890744024,739.0601619849
3487.1389500235,738.7184662138
3497.3369890507,738.432921121
3508.107318665,738.1959738695
3517.5941516455,738.0252108759
3527.4430094473,737.8873268666
3537.291867249,737.7789894308
3547.58749739,737.6966243897
3557.58749739,737.6466243897
3567.58749739,737.6366243897
3577.4869923266,737.6663228745
3588.1171381394,737.751364041
3597.5511192714,737.8645718146
3607.8467494124,738.039597527
3617.6956072142,738.236574683
3627.544465016,738.4630984125
3637.840095157,738.720489166
3647.6889529588,738.9765594688
3657.5378107606,739.2326297717
3667.8334409016,739.5003161553
3677.6822987034,739.7465376004
3687.9779288444,739.9833370936
3697.9779288444,740.1933370936
3707.9779288444,740.3733370936
3717.9779288444,740.5233370936
3727.9779288444,740.6333370936
3737.8267866462,740.7022790982
3748.0248256733,740.7328732153
3758.0747012945,740.7228233397
3767.1300864326,740.6866017991
3777.9004160469,740.6112094918
3787.7492738487,740.502872056
3797.6487687853,740.354379632
3806.8683132426,740.1792082873
3817.684967069,739.9196085955
3827.5338248708,739.6536894348
3837.8294550118,739.3448205306
3847.6783128135,739.0296570809
3857.9739429545,738.6899012863
3867.9739429545,738.3599012863
3877.8734378911,738.0332179534
3887.8734378911,737.7132179534
3897.8734378911,737.3932179534
3907.3074190232,737.1007645383
3918.1240728496,736.7654482696
3927.9729306514,736.4601336778
3937.8217884532,736.1449702281
3947.670646255,735.8199579207
3957.966276396,735.4699064959
3967.8151341978,735.115347615
3977.6639919996,734.7312421607
3987.5128498014,734.3077412753
3997.8084799423,733.8238466586
4008.2487864513,733.2809507202
4018.097644253,732.7294146833
4027.9465020548,732.148332073
4037.7953598566,731.5377028893
4048.0909899976,730.8787825602
4058.5312965065,730.1897223307
4067.9652776386,729.5482116137
4078.7356072529,728.8050588703
4088.5844650547,728.125487682
4098.8800951956,727.4150892022
4108.7289529974,726.7453668717
4118.5778107992,726.0756445412
4128.8734409402,725.3858373217
4138.722298742,724.7358127068
4149.017928883,724.0665967477
4159.017928883,723.4165967477
4168.9174238196,722.7632300818
4178.1369682769,722.1363010587
4188.4325984179,721.425902579
4198.2814562197,720.7266336751
4208.7217627286,719.985371913
4218.2085957091,719.3118067713
4228.648902218,718.5809853157
4238.8469412452,717.8977167009
4249.0449802724,717.2654382812
4258.5318132529,716.7341756343
4268.7298522801,716.244669761
4279.170158789,715.8270575006
4288.6569917695,715.5234788453
4298.8550307967,715.2685278696
4309.2953373056,715.0701620459
4318.5148817629,714.9410884235
4328.9551882718,714.8262450519
4338.4420212523,714.7408635551
4348.8823277612,714.6677814095
4359.0803667884,714.6065931754
4369.2784058156,714.5556029802
4378.7652387961,714.5081688153
4388.9632778233,714.4673766592
4399.4035843322,714.4256154332
4408.8904173127,714.3876681013
4419.0884563399,714.3366779061
4429.5287628488,714.2844763736
4439.0155958293,714.2370422087
4448.8644536311,714.1976467775
4458.8644536311,714.1676467775
4469.4945994438,714.1463864858
4479.3434572456,714.136537628
4488.8302902261,714.1270507951
4499.270596735,714.106170182
4509.4686357622,714.085774104
4518.6881802195,714.0581154706
4529.1284867284,714.0267945511
4538.9773445302,713.9972479777
4549.4176510391,713.9763673647
4559.7132811801,713.9557761044
4569.1472623122,713.9369081421
4579.4428924532,713.9163168818
4589.4428924532,713.8863168818
4599.3423873898,713.8467189021
4609.3423873898,713.7967189021
4619.9725332025,713.7223078814
4629.4065143346,713.6468360324
4640.223168161,713.5494861479
4650.0720259628,713.4509975699
4659.5588589433,713.3466424071
4669.7568979704,713.2140678998
4679.9549369976,713.0712953534
4690.0048126188,712.9104973434
4700.0546882399,712.7295995823
4710.104563861,712.5386519455
4720.1544394821,712.3276045574
4730.2043151032,712.1165571694
4740.2043151032,711.9065571694
4750.4023541304,711.7025963888
4759.6218985877,711.5366445886
4770.0622050966,711.380039991
4779.9110628984,711.2717025551
4790.6813925127,711.2070805775
4800.5302503145,711.1873828619
4810.3791081163,711.2169294353
4820.6747382573,711.2889988462
4829.6190101673,711.3873858373
4839.9146403083,711.5315246592
4850.2102704492,711.7065503716
4860.059128251,711.8936786699
4870.354758392,712.1098869028
4880.2036161938,712.3265617745
4890.4992463348,712.5530656376
4900.7948764758,712.7898651308
4910.2288576078,713.0068466968
4920.0777154096,713.2333704263
4929.9265732114,713.4598941557
4940.2222033524,713.6863980188
4950.0710611542,713.9030728905
4960.3666912952,714.1295767536
4970.215549097,714.356100483
4980.511179238,714.5928999763
4990.3600370398,714.8194237057
5000.6556671808,715.0562231989
5010.9512973218,715.2930226922
5020.8001551236,715.5195464216
5031.0957852645,715.7563459149
5040.9446430663,715.9730207865
5050.3786241984,716.1805683714
5060.6742543394,716.4173678646
5070.9698844804,716.6541673579
5080.8187422822,716.8905399451
5091.1143724232,717.1582263288
5100.963230225,717.4241454894
5111.2588603659,717.7227187635
5121.1077181677,718.0280333554
5131.4033483087,718.3780847802
5141.2522061105,718.7326436611
5151.5478362515,719.1341732366
5160.9818173836,719.520966463
5170.8306751854,719.9444673484
5181.1263053263,720.3974750746
5191.4219354673,720.860778431
5201.2707932691,721.3138258899
5211.5664234101,721.7874248764
5221.4152812119,722.2404723352
5231.7109113529,722.7140713217
5241.5597691547,723.1671187806
5251.8553992957,723.6407177671
5261.7042570975,724.0839163682
5271.1382382295,724.5084455191
5281.4338683705,724.9717488755
5291.2827261723,725.4050986187
5301.5783563133,725.8478107148
5311.4272141151,726.2516138847
5321.7228442561,726.64284783
5331.5717020579,726.9875578531
5341.8673321989,727.3170180176
5351.7161900007,727.6026348939
5362.0118201416,727.8806169077
5371.8606779434,728.1169894949
5381.2946590755,728.3245370798
5392.0649886898,728.5399436721
5401.4989698218,728.7097553325
5411.7945999628,728.8744854147
5422.0902301038,729.0289198668
5431.5242112359,729.1609956027
5442.3408650622,729.3016121024
5451.7748461943,729.4336878383
5461.7748461943,729.5836878383
5471.7748461943,729.7536878383
5482.404992007,729.9662907545
5491.6245364643,730.1783402771
5502.2546822771,730.4547240682
5512.1541772137,730.7418094214
5522.0536721503,731.0585932593
5531.9531670869,731.4050755821
5542.5833128996,731.7983909772
5552.5833128996,732.1983909772
5561.8028573569,732.5856118444
5572.6195111833,733.0723612666
5582.0534923154,733.5157583798
5592.3491224564,734.0202442567
5602.1979802582,734.5225360046
5612.4936103991,735.0579087719
5621.9804433797,735.5701977529
5632.4207498886,736.1444146108
5642.8610563975,736.7290717753
5652.7099141993,737.29045667
5662.1967471798,737.8312061499
5672.6370536887,738.4367439275
5682.1238866692,738.9869802403
5692.5641931781,739.5925180178
5703.004499687,740.2084961019
5712.8533574888,740.7895787122
5723.2936639977,741.4055567962
5732.7804969782,741.9557931091
5742.2673299587,742.5060294219
5753.037659573,743.11993821
5762.8865173748,743.6714742469
5773.1821475158,744.2377339046
5783.1821475158,744.7777339046
5793.1821475158,745.3177339046
5803.0816424524,745.8523066312
5812.981137389,746.3868793578
5822.981137389,746.9268793578
5832.981137389,747.4668793578
5842.981137389,748.0168793578
5853.27676753,748.5831390155
5863.27676753,749.1231390155
5873.27676753,749.6531390155
5883.27676753,750.1731390155
5893.27676753,750.6831390155
5903.9069133427,751.2146463061
5913.1264578,751.675623529
5923.7566036128,752.2071308197
5933.1905847448,752.6788298763
5943.0394425466,753.1712727663
5953.3350726876,753.6757586433
5963.1839304894,754.1485038177
5973.6242369983,754.6287579171
5983.4730948001,755.0621076604
5993.6711338273,755.4802272605
6004.1114403362,755.8978395209
6013.5982733167,756.2583391742
6023.4471311185,756.6325957706
6033.8874376274,757.0188871115
6043.7362954292,757.3832948501
6053.585153231,757.7477025888
6063.880783372,758.128640904
6074.176413513,758.5198748494
6084.472043654,758.9214044249
6093.906024786,759.3081976513
6103.906024786,759.7281976513
6113.906024786,760.1681976513
6124.5361705987,760.6571843587
6133.755715056,761.0905029482
6144.3858608688,761.611380093
6154.3858608688,762.111380093
6164.2853558054,762.6162543347
6174.2853558054,763.1262543347
6184.2853558054,763.6462543347
6194.184850742,764.1610280714
6204.184850742,764.6810280714
6214.184850742,765.2010280714
6224.184850742,765.7210280714
6234.184850742,766.2510280714
6244.184850742,766.7810280714
6254.480480883,767.3266964689
6264.776111024,767.8620692363
6274.210092156,768.343202274
6284.505722297,768.8476881509
6294.3545800988,769.3007356098
6304.7948866077,769.7392284832
6314.6437444095,770.1134850796
6324.13057739,770.436037401
6334.5708838989,770.7388062897
6344.7689229261,770.9937572654
6355.209229435,771.2130037021
6364.4287738923,771.3697359579
6374.8690804012,771.5054599425
6384.9189560224,771.6059586987
6395.3592625313,771.6686005377
6405.4091381524,771.688700289
6415.6071771796,771.6683042109
6424.8267216369,771.6222064886
6435.024760664,771.5406221764
6445.2227996912,771.4284437471
6455.4208387184,771.2958692398
6465.4707143395,771.1451211055
6475.5205899607,770.9843230955
6484.740134418,770.8275908397
6494.9381734451,770.6542241763
6505.1362124723,770.4808575128
6515.3342514995,770.3074908494
6525.5322905267,770.1443222249
6535.7303295539,770.0015496785
6545.9283685811,769.8893712492
6555.1479130384,769.824834438
6565.3459520655,769.7840422819
6575.5439910927,769.7840422819
6585.7420301199,769.824834438
6594.9615745772,769.9078103382
6605.4018810861,770.0435343228
6615.5999201133,770.2169009862
6626.0402266222,770.4257071164
6636.0901022433,770.6568542557
6645.5769352238,770.8940250802
6655.774974251,771.1591740949
6665.9730132782,771.4243231096
6676.0228888993,771.6856198758
6686.2209279265,771.9507688905
6696.2708035476,772.202015781
6705.4903480049,772.4325043924
6715.6883870321,772.6772573291
6725.8864260593,772.9220102657
6736.0844650865,773.1667632024
6746.2825041137,773.411516139
6756.4805431409,773.6664671147
6765.7000875982,773.8969557262
6775.8981266253,774.1621047409
6785.9480022465,774.4334513826
6795.9978778676,774.7148479
6806.1959168948,775.0105910318
6816.393955922,775.3165322026
6826.4438315431,775.6280783469
6836.4937071642,775.9496743668
6846.6917461914,776.2760116156
6856.8897852186,776.6125469035
6865.9451703567,776.9113746131
6876.1432093839,777.247909901
6886.193085005,777.5795557965
6896.3911240322,777.9058930454
6906.5891630594,778.2322302942
6916.7872020866,778.5483695041
6926.9852411138,778.8645087139
6936.204785571,779.1410950476
6946.4028245982,779.4470362184
6956.6008636254,779.7427793502
6966.7989026526,780.028324443
6976.9969416798,780.3138695358
6987.0468173009,780.5852161775
6997.2448563281,780.8605632313
7006.3002414662,781.10505863
7016.4982804934,781.3804056837
7026.6963195206,781.6659507765
7036.7461951417,781.9473472939
7046.7960707628,782.2387936869
7056.845946384,782.5302400799
7067.0439854112,782.8361812507
7077.0938610323,783.1376775193
7087.1437366534,783.439173788
7097.1936122745,783.7406700566
7107.2434878956,784.0321164496
7117.2933635168,784.3235628426
7127.3432391379,784.60495936
7137.393114759,784.8863558774
7147.4429903801,785.1677523948
7157.4928660012,785.4491489122
7167.5427416224,785.7405953052
7177.5926172435,786.0320416982
7187.5926172435,786.3220416982
7197.7906562707,786.607586791
7207.8405318918,786.8889833084
7217.8405318918,787.1689833084
7227.0600763491,787.4271305532
7237.1099519702,787.7185769462
7247.1099519702,788.0085769462
7257.3079909974,788.304320078
7267.3578666185,788.595766471
7277.3578666185,788.885766471
7287.4077422396,789.1872627396
7297.4576178607,789.4887590083
7307.5074934819,789.7902552769
7317.557369103,790.0817016699
7327.6072447241,790.3530483117
7337.6571203452,790.6042952022
7347.8551593724,790.8286520608
7357.9050349935,791.0296495732
7368.1030740207,791.2030162367
7378.5433805296,791.3596208343
7387.7629249869,791.4794749123
7397.9609640141,791.6018513806
7407.8098218159,791.7200376742
7418.2501283248,791.8348810458
7427.7369613053,791.9392362086
7438.5072909196,792.0577098344
7448.3561487214,792.1660472702
7457.8429817019,792.270402433
7467.6918395037,792.3787398688
7478.8721793912,792.5017236075
7488.721037193,792.6100610434
7498.5698949948,792.7183984792
7508.4187527966,792.8365847728
7518.2676105984,792.9547710664
7528.1164684002,793.0729573601
7538.8867980144,793.2022013154
7548.7356558162,793.320387609
7558.584513618,793.4484227605
7568.4333714198,793.5863067697
7578.2822292216,793.7340396367
7589.0525588359,793.9063649105
7598.9014166377,794.0737954932
7608.7502744395,794.2609237914
7618.23710742,794.450660451
7628.532737561,794.666868684
7638.3815953628,794.8835435556
7649.151924977,795.1204908071
7659.0007827788,795.3470145366
7668.4876157593,795.5652116951
7678.3364735611,795.8015842824
7688.6321037021,796.0486794058
7699.4024333164,796.3179376461
7709.2512911182,796.5641590912
7718.7381240987,796.8013299157
7728.5869819005,797.0377025029
7739.3573115148,797.2961904137
7749.2061693166,797.5227141431
7759.0550271184,797.7393890147
7768.9038849201,797.9462150286
7778.7527427219,798.1431921846
7789.5230723362,798.3478284473
7799.371930138,798.5349567455
7809.2207879398,798.712236186
7819.0696457416,798.8796667686
7828.9185035434,799.0372484934
7839.6888331577,799.2095737672
7849.5376909595,799.3573066343
7859.3865487613,799.5050395013
7869.2354065631,799.6527723683
7879.0842643648,799.8005052353
7889.8545939791,799.9620601796
7899.7034517809,800.0999441888
7909.5523095827,800.237828198
7919.4011673845,800.3658633494
7929.2500251863,800.4938985009
7939.6903316952,800.619182179
7949.539189497,800.7373684726
7959.3880472988,800.8555547662
7969.2369051006,800.9835899176
7979.5325352416,801.1174331095
7989.9728417505,801.2635974006
7999.8216995523,801.4113302676
8009.6705573541,801.5689119924
8019.5194151559,801.7363425751
8029.9597216648,801.9347083987
8040.2553518058,802.1509166317
8050.1042096076,802.3872892189
8059.9530674094,802.6630572374
8069.8019252112,802.9683718293
8080.5722548254,803.3453333658
8090.4211126272,803.7195899622
8100.269970429,804.1233931321
8109.7568034095,804.5313269503
8119.6056612113,804.9646766935
8129.9012913523,805.4279800499
8140.6716209666,805.9234152121
8150.1584539471,806.3598095292
8160.0073117489,806.8030081303
8169.8561695507,807.2363578736
8179.7050273525,807.6598587591
8190.88536724,808.1182526945
8200.3722002205,808.4977260137
8210.2210580223,808.8916803258
8220.0699158241,809.27578578
8230.8402454383,809.695828635
8240.6891032401,810.0799340893
8250.5379610419,810.4640395435
8260.3868188437,810.8481449978
8270.2356766455,811.2322504521
8281.0060062598,811.6415229774
8290.8548640616,812.0157795739
8300.7037218634,812.3801873125
8310.5525796652,812.7445950512
8320.401437467,813.1090027899
8330.8417439759,813.4952941307
8340.6906017777,813.8597018694
8350.9862319187,814.2406401846
8360.8350897205,814.5951990654
8370.6839475223,814.9497579463
8381.4542771365,815.3374898124
8390.9411101171,815.6790157997
8400.7899679188,816.0237258228
8410.6388257206,816.3684358459
8421.4091553349,816.7453973824
8431.2580131367,817.0802585476
8440.7448461172,817.4028108689
8451.1851526261,817.7682215968
8460.6719856066,818.1097475841
8471.1122921155,818.5064792314
8481.3103311427,818.9144007925
8491.3602067638,819.3465454442
8501.558245791,819.8156552394
8511.7562848182,820.3153591518
8521.8061604393,820.8279028085
8531.8061604393,821.3579028085
8541.8061604393,821.9079028085
8551.8061604393,822.4679028085
8561.8061604393,823.0279028085
8571.8560360605,823.5906958432
8581.9059116816,824.153488878
8591.9557873027,824.7062320372
8601.0111724408,825.2042782198
8611.061048062,825.7469715033
8621.2590870891,826.2976656108
8631.4571261163,826.8381616792
8641.5070017374,827.3708050871
8651.7050407646,827.9011031166
8661.9030797918,828.431401146
8671.9529554129,828.9439448027
8682.0028310341,829.4564884593
8691.2223754913,829.9266852266
8701.4204145185,830.446785217
8711.4702901397,830.9593288737
8721.4702901397,831.4593288737
8731.5201657608,831.9618226548
8741.5700413819,832.4643164358
8751.619917003,832.9768600925
8761.8179560302,833.4969600829
8772.0159950574,834.0272581123
8782.4563015663,834.5701540508
8791.9431345468,835.0539825328
8801.7919923486,835.5464254229
8812.0876224896,836.0509112998
8822.3832526306,836.5348059164
8831.8172337626,836.9593350673
8842.4473795754,837.4058011915
8851.6669240327,837.7745829698
8862.2970698454,838.1678983648
8871.5166143027,838.4813628764
8882.1467601154,838.8108973966
8892.046255052,839.0880832548
8902.046255052,839.3380832548
8912.6764008648,839.5719464627
8922.6764008648,839.7619464627
8931.8959453221,839.9186787185
8942.5260911348,840.0781309057
8952.4255860714,840.2167238348
8962.325081008,840.3553167639
8972.325081008,840.4853167639
8982.325081008,840.6153167639
8992.325081008,840.7453167639
9002.1739388098,840.8733519153
9012.4695689508,841.0071951071
9022.9098754597,841.1324787852
9032.7587332615,841.2506650789
9043.1990397704,841.3655084505
9052.6858727509,841.4603767803
9063.1261792598,841.5438992323
9072.6130122403,841.6008202302
9083.0533187492,841.6321411497
9093.2513577764,841.6219431107
9102.7381907569,841.5839957788
9112.9362297841,841.5024114666
9122.4230627646,841.3980563038
9132.8633692735,841.2623323192
9143.3036757824,841.1057277215
9153.1525335842,840.9481459967
9163.001391386,840.7807154141
9172.8502491878,840.6132848315
9182.8502491878,840.4432848315
9192.8502491878,840.2732848315
9203.4803950006,840.1032024984
9213.3798899372,839.9547100744
9223.3798899372,839.8147100744
9233.3798899372,839.6847100744
9243.228747739,839.5665237808
9252.7155807195,839.462168618
9263.4859103338,839.3544653218
9272.705454791,839.2622698773
9282.9034938182,839.170487526
9292.9533694394,839.1001383967
9303.0032450605,839.039839143
9313.0531206816,838.9996396405
9323.1029963027,838.9795398892
9333.3010353299,838.9795398892
9343.7413418388,839.0004205022
9353.2281748193,839.0478546672
9363.6684813282,839.1209368127
9373.1553143087,839.2063183095
9383.3533533359,839.3082986998
9393.7936598448,839.4335823779
9403.991698872,839.5661568853
9413.0470840101,839.7019876623
9423.0969596313,839.8627856723
9433.1468352524,840.0336335578
9443.1468352524,840.2136335578
9453.1468352524,840.4036335578
9463.1967108735,840.5945811946
9473.3947499007,840.7985419752
9483.5927889279,841.0127007948
9493.7908279551,841.2472556924
9503.9888669823,841.492008629
9514.1869060094,841.7571576437
9523.4064504667,842.0060853441
9533.6044894939,842.2916304368
9543.8025285211,842.5873735686
9554.0005675483,842.8933147395
9564.0504431694,843.2048608837
9574.2484821966,843.5413961716
9584.4465212238,843.8881294985
9593.6660656811,844.220033099
9603.8641047083,844.607558582
9614.3044112172,845.0251708424
9624.5024502444,845.4432904425
9633.9892832249,845.8417374277
9644.187322252,846.2700550668
9654.627628761,846.7189882467
9664.4764865627,847.1424891322
9674.7721167037,847.5852012282
9684.2060978358,847.9908624169
9694.8362436485,848.4585888327
9704.0557881058,848.8642487888
9714.6859339186,849.3319752046
9723.9054783758,849.7376351607
9734.7221322022,850.2027512752
9744.1561133343,850.6084124639
9754.9264429486,851.0607663077
9764.4132759291,851.4592132929
9774.2621337309,851.8728653206
9784.4601727581,852.3113809987
9794.6582117852,852.7600947159
9804.8562508124,853.2190064721
9815.0542898396,853.6983143064
9824.2738342969,854.1408524404
9834.4718733241,854.6405563527
9844.5217489452,855.1430501338
9854.7197879724,855.6733481632
9864.9178269996,856.2138442316
9875.1158660268,856.7747363781
9884.3354104841,857.2910308677
9894.5334495112,857.8825171313
9904.7314885384,858.4842014339
9914.9295275656,859.0858857365
9925.1275665928,859.6875700391
9935.32560562,860.2892543417
9944.8124386005,860.8489774876
9955.0104776277,861.4506617902
9965.4507841366,862.0561995677
9974.9376171171,862.6064358805
9985.377923626,863.2119736581
9994.8647566065,863.7622099709
10005.3050631154,864.378188055
10015.1539209172,864.9592706653
10025.002778719,865.5502021334
10034.8516365208,866.1411336015
10045.6219661351,866.7981237079
10055.0559472671,867.373596557
10065.3515774081,868.0016299956
10075.6472075491,868.6193678041
10085.6472075491,869.2093678041
10095.0811886812,869.7376707475
10105.8978425075,870.3001367464
10115.8978425075,870.7701367464
10125.8978425075,871.1801367464
10135.8978425075,871.5301367464
10145.1173869648,871.7882839912
10155.1173869648,872.0182839912
10165.1173869648,872.1882839912
10175.1173869648,872.3182839912
10185.7475327776,872.4245854494
10195.7475327776,872.5045854494
10205.7475327776,872.5745854494
10215.7475327776,872.6445854494
10225.7475327776,872.7345854494
10235.7475327776,872.8445854494
10245.7475327776,872.9845854494
10255.7475327776,873.1445854494
10266.0431629186,873.340202422
10275.4771440506,873.5383160258
10286.293797877,873.77628241
10295.7277790091,873.993263976
10306.0234091501,874.2403590994
10316.319039291,874.4874542228
10326.1678970928,874.7336756678
10335.6018782249,874.9695251961
10345.8975083659,875.2372115798
10355.7463661677,875.5031307405
10365.5952239695,875.7788987589
10375.8908541105,876.0671764029
10386.7075079369,876.37004271
10396.1414890689,876.6247602006
10406.4371192099,876.8924465842
10415.871100342,877.1188621314
10426.6877541683,877.3568285156
10436.6877541683,877.5468285156
10445.9072986256,877.7035607714
10455.9072986256,877.8535607714
10466.5374444384,878.0023828127
10476.436939375,878.121176752
10487.0670851877,878.2381083559
10496.286629645,878.3303038005
10506.1861245816,878.4193992549
10516.8162703944,878.5044404214
10526.2502515264,878.5704782893
10537.0669053528,878.6461948661
10546.5008864849,878.712232734
10556.7965166259,878.7945977752
10566.2304977579,878.8889375865
10576.5261278989,879.002189518
10586.3749857007,879.1302246695
10597.145315315,879.2810092841
10606.9941731168,879.4287421511
10616.4810060973,879.5805314788
10626.9213126062,879.7475763829
10637.1193516334,879.9107450074
10646.6061846139,880.0530475021
10656.8042236411,880.1856220094
10666.8540992622,880.2961706413
10677.0521382894,880.3879529925
10687.1020139105,880.4583021218
10697.1518895316,880.5085515
10707.1518895316,880.5385515
10717.2017651527,880.5586512512
10727.2017651527,880.5686512512
10737.2017651527,880.5686512512
10747.2516407738,880.5686512512
10757.301516395,880.5686512512
10767.301516395,880.5786512512
10777.301516395,880.5986512512
10787.3513920161,880.6288008781
10797.3513920161,880.6688008781
10807.3513920161,880.7188008781
10817.4012676372,880.7690502562
10827.4012676372,880.8290502562
10837.4511432583,880.8893495099
10847.5010188794,880.9496487636
10857.5508945006,880.9998981417
10867.6007701217,881.0501475198
10878.0410766306,881.0919087459
10887.5279096111,881.1203692448
10897.3767674129,881.1499158182
10907.6723975539,881.1705070785
10917.9680276949,881.1910983388
10927.9680276949,881.2110983388
10937.8675226315,881.2407968236
10947.8675226315,881.2807968236
10957.8675226315,881.3407968236
10967.3015037635,881.4162686726
10977.5971339045,881.5192249741
10987.8927640455,881.6427725357
10998.3330705544,881.7993771334
11007.5526150117,881.9561093892
11017.9929215206,882.1544752128
11027.9929215206,882.3644752128
11037.9929215206,882.5944752128
11048.0427971417,882.855771979
11058.0427971417,883.145771979
11068.2408361689,883.4823072669
11078.4388751961,883.8596347109
11088.6369142233,884.277754311
11097.8564586806,884.701853356
11108.0544977078,885.2015572684
11118.252536735,885.7420533368
11128.4505757621,886.3029454833
11137.6701202194,886.8284595174
11147.8681592466,887.43014382
11158.0661982738,888.0522242006
11168.1160738949,888.6853663648
11178.1659495161,889.3386082801
11188.2158251372,890.0119499467
11198.2158251372,890.6919499467
11208.4138641644,891.4058126786
11218.6119031915,892.1298734496
11228.4607609933,892.8389912113
11238.3096187951,893.5579578308
11248.1584765969,894.2867733082
11258.1584765969,895.0367733082
11268.1584765969,895.7867733082
11278.7886224097,896.5840342441
11288.008166867,897.266280534
11298.8248206934,898.0450796095
11308.2588018254,898.7054582887
11318.5544319664,899.4055611383
11328.4032897682,900.065434611
11338.8435962771,900.7649351471
11348.0631407344,901.3826446257
11358.2611797616,902.0761112796
11368.3110553827,902.7595028218
11378.3609310038,903.4529442397
11388.3609310038,904.1529442397
11398.4108066249,904.8564355332
11408.4108066249,905.5664355332
11418.4108066249,906.2764355332
11428.4108066249,906.9864355332
11438.4108066249,907.6964355332
11448.4108066249,908.4064355332
11458.4606822461,909.1199767023
11468.5105578672,909.8234679957
11478.7085968944,910.5373307276
11489.1489034033,911.2577118768
11498.6357363838,911.9123033524
11509.4060659981,912.6446857662
11519.2549237998,913.3144080967
11529.1037816016,913.9841304272
11539.1037816016,914.6541304272
11549.3994117426,915.3439376467
11559.3994117426,916.0139376467
11569.2989066792,916.6772038074
11579.1984016159,917.3404699682
11589.0978965525,918.0136356239
11598.9973914891,918.6868012796
11609.8140453155,919.4223337398
11619.2480264475,920.0638444567
11629.2480264475,920.7538444567
11639.0968842493,921.4334156451
11648.9457420511,922.1129868334
11659.7160716654,922.8561395768
11669.2029046459,923.5012442194
11679.6432111548,924.2111850621
11689.6930867759,924.8845267287
11699.8911258031,925.5575973045
11709.1106702604,926.1568676942
11719.3087092876,926.819740231
11729.3585849087,927.4629322707
11739.5566239359,928.1156067684
11749.606499557,928.7587988082
11759.6563751781,929.4120407236
11769.8544142053,930.0749132603
11780.0524532325,930.7479838361
11790.1023288536,931.4112756271
11800.3003678808,932.0843462029
11809.5199123381,932.6836165926
11819.5697879592,933.336858508
11829.7678269864,933.9997310448
11839.9658660136,934.6524055425
11850.0157416347,935.2955975823
11860.0656172558,935.9287397464
11870.263656283,936.5508201271
11880.3135319041,937.1437627887
11890.3135319041,937.7137627887
11900.3135319041,938.2537627887
11910.3135319041,938.7637627887
11920.3135319041,939.2337627887
11930.5115709313,939.6824765059
11940.5115709313,940.0824765059
11950.5614465524,940.4543219039
11960.7594855796,940.7908571918
11970.8093612008,941.102403336
11980.8093612008,941.392403336
11990.8592368219,941.6838497291
12000.0787812792,941.9604360628
12010.3744114202,942.3104874876
12020.6700415611,942.7017214329
12029.8895860184,943.107381389
12040.7062398448,943.6265807727
